,Unnamed: 0,Name,Type,Family,Category,Material,FileName,NBR_COD,NBR_DESC
0,0,PI-080-ContrapisoArmado,PI-080-ContrapisoArmado,Piso,Pisos,@Concreto,MG.BHZ.044-BAR-PISO-MOD-001-LOJ.nwc,,
1,1,PI-100-ContrapisoArmado,PI-100-ContrapisoArmado,Piso,Pisos,@Concreto,MG.BHZ.044-BAR-PISO-MOD-001-LOJ.nwc,,
25,25,GR-160x160cm,GR-160x160cm,CASSOL-PREO-Galeria Celular-Retangular,Quadro estrutural,GR-160x160cm,MG.BHZ.044-BAR-GRUA-CRE-001-FAM.nwc,,
26,26,Diâmetro de 600 mm,Diâmetro de 600 mm,Estaca de concreto,Fundações estruturais,Concreto - Concreto moldado in loco,MG.BHZ.044-BAR-GRUA-CRE-001-FAM.nwc,,
30,30,480x480x170cm,480x480x170cm,Bloco de fundação - 4 Estacas,Fundações estruturais,Concreto - Concreto moldado in loco,MG.BHZ.044-BAR-GRUA-CRE-001-FAM.nwc,,
31,31,Elevador ECT_1000,Elevador ECT_1000,Elevador cremalheira,Equipamento mecânico,Elevador ECT_1000,MG.BHZ.044-BAR-GRUA-CRE-001-FAM.nwc,,
32,32,H40 m L50 m con base,H40 m L50 m con base,Tower crane Potain MD_R2015,Equipamento especial,H40 m L50 m con base,MG.BHZ.044-BAR-GRUA-CRE-001-FAM.nwc,,
33,33,E8,E8,PLACA DE SINALIZAÇÃO-E7,Peças hidrossanitárias,E8,MG.BHZ.044-BAR-INC-MOD-001-GERxxx-R01.nwc,,
34,34,2,2,PLACA DE SINALIZAÇÃO-E2,Peças hidrossanitárias,2,MG.BHZ.044-BAR-INC-MOD-001-GERxxx-R01.nwc,,
35,35,SAV 420C,SAV 420C,Sinalizador audiovisual,Peças hidrossanitárias,SAV 420C,MG.BHZ.044-BAR-INC-MOD-001-GERxxx-R01.nwc,,
36,36,S17,S17,PLACA DE SINALIZAÇÃO-S17,Peças hidrossanitárias,S17,MG.BHZ.044-BAR-INC-MOD-001-GERxxx-R01.nwc,,
37,37,Distancia maxima visibilidade - 30 metros,Distancia maxima visibilidade - 30 metros,PLACA DE SINALIZAÇÃO-S3,Peças hidrossanitárias,Distancia maxima visibilidade - 30 metros,MG.BHZ.044-BAR-INC-MOD-001-GERxxx-R01.nwc,,
41,41,Mangueira de 15 metros - 1 lance,Mangueira de 15 metros - 1 lance,Hidrante Externo 60x90x17cm,Peças hidrossanitárias,Mangueira de 15 metros - 1 lance,MG.BHZ.044-BAR-INC-MOD-001-GERxxx-R01.nwc,,
45,45,Distancia maxima visibilidade - 10 metros,Distancia maxima visibilidade - 10 metros,PLACA DE SINALIZAÇÃO-E5,Peças hidrossanitárias,Distancia maxima visibilidade - 10 metros,MG.BHZ.044-BAR-INC-MOD-001-GERxxx-R01.nwc,,
47,47,3-A 40-BC 2,3-A 40-BC 2,Extintor Portatil,Peças hidrossanitárias,3-A 40-BC 2,MG.BHZ.044-BAR-INC-MOD-001-GERxxx-R01.nwc,,
49,49,OVA44010 - Exiway Light IP42 L110 multi-h,OVA44010 - Exiway Light IP42 L110 multi-h,Lighting_Emergency-and-Security_Schneider-Electric_Exiway- Light,Luminárias,OVA44010 - Exiway Light IP42 L110 multi-h,MG.BHZ.044-BAR-INC-MOD-001-GERxxx-R01.nwc,,
54,54,Acionador manual do sistema de detecção e alarme,Acionador manual do sistema de detecção e alarme,Acionador manual do sistema de detecção e alarme,Equipamento elétrico,Acionador manual do sistema de detecção e alarme,MG.BHZ.044-BAR-INC-MOD-001-GERxxx-R01.nwc,,
55,55,incendio- 15 x 15 cm 2,incendio- 15 x 15 cm 2,Concreto-Viga retangular,Quadro estrutural,3E.04.40-Proteção Contra Incêndios,MG.BHZ.044-BAR-INC-MOD-001-GERxxx-R01.nwc,,
61,61,S1D,S1D,PLACA DE SINALIZAÇÃO-S1,Peças hidrossanitárias,S1D,MG.BHZ.044-BAR-INC-MOD-001-GERxxx-R01.nwc,,
66,66,E1,E1,PLACA DE SINALIZAÇÃO-E1,Peças hidrossanitárias,E1,MG.BHZ.044-BAR-INC-MOD-001-GERxxx-R01.nwc,,
104,104,S1E,S1E,PLACA DE SINALIZAÇÃO-S1,Peças hidrossanitárias,S1E,MG.BHZ.044-BAR-INC-MOD-001-GERxxx-R01.nwc,,
149,149,SINALIZAÇÃO PISO EXTINTOR-E12,SINALIZAÇÃO PISO EXTINTOR-E12,SINALIZAÇÃO PISO EXTINTOR,Equipamento especial,SINALIZAÇÃO PISO EXTINTOR-E12,MG.BHZ.044-BAR-INC-MOD-001-GERxxx-R01.nwc,,
276,276,BOMBA JOCKEY P/ INCÊNDIO HYDROBLOC M B 755,BOMBA JOCKEY P/ INCÊNDIO HYDROBLOC M B 755,FIT-065-040-125_MANC-BPI,Equipamento mecânico,BOMBA JOCKEY P/ INCÊNDIO HYDROBLOC M B 755,MG.BHZ.044-BAR-INC-MOD-001-GERxxx-R01.nwc,,
277,277,FireCabinetwithoutDoorPanel,FireCabinetwithoutDoorPanel,BIMINONE_FireCabinetswithStand,Equipamento mecânico,FireCabinetwithoutDoorPanel,MG.BHZ.044-BAR-INC-MOD-001-GERxxx-R01.nwc,,
291,291,ACIONADOR DA BOMBA DE INCÊNDIO,ACIONADOR DA BOMBA DE INCÊNDIO,Acionador manual do sistema de detecção e alarme,Equipamento elétrico,ACIONADOR DA BOMBA DE INCÊNDIO,MG.BHZ.044-BAR-INC-MOD-001-GERxxx-R01.nwc,,
305,305,Hidrante de Recalque Instalado em Passeio Público - Conforme ITN.17,Hidrante de Recalque Instalado em Passeio Público - Conforme ITN.17,Hidrante de Recalque Instalado em Passeio Público - Conforme ITN.17,Proteção contra incêndio,Hidrante de Recalque Instalado em Passeio Público - Conforme ITN.17,MG.BHZ.044-BAR-INC-MOD-001-GERxxx-R01.nwc,,
307,307,3E.04.40-Proteção Contra Incêndios - 80 x 80mm,3E.04.40-Proteção Contra Incêndios - 80 x 80mm,Concreto-Retangular-Coluna,Pilares estruturais,3E.04.40.00.00-Proteção Contra Incêndios,MG.BHZ.044-BAR-INC-MOD-001-GERxxx-R01.nwc,,
444,444,OVA44114 - Exiway Light Act IP42 L500 multi-h,OVA44114 - Exiway Light Act IP42 L500 multi-h,Lighting_Emergency-and-Security_Schneider-Electric_Exiway- Light,Luminárias,OVA44114 - Exiway Light Act IP42 L500 multi-h,MG.BHZ.044-BAR-INC-MOD-001-GERxxx-R01.nwc,,
535,535,DETECTOR DE TEMPERATURA,DETECTOR DE TEMPERATURA,Fire_Alarm-Intelligent_Detector-EDWARDS-Smoke_and_Heat_Detectors,Dispositivos de alarme de incêndio,DETECTOR DE TEMPERATURA,MG.BHZ.044-BAR-INC-MOD-001-GERxxx-R01.nwc,,
538,538,DETECTOR DE FUMAÇA,DETECTOR DE FUMAÇA,Fire_Alarm-Intelligent_Detector-EDWARDS-Smoke_and_Heat_Detectors,Dispositivos de alarme de incêndio,DETECTOR DE FUMAÇA,MG.BHZ.044-BAR-INC-MOD-001-GERxxx-R01.nwc,,
1081,1081,Sólido topográfico 1,Sólido topográfico 1,Sólido topográfico,Sólido topográfico,Terreno - Terra,MG.BHZ.044-BAR-TER-IMP-001-GER.nwc,,
1082,1082,Subdivisão,,,Sólido topográfico,Solid,MG.BHZ.044-BAR-TER-IMP-001-GER.nwc,,
1087,1087,3E.04.50-Sistema Elétrico - 2 x 2cm,3E.04.50-Sistema Elétrico - 2 x 2cm,Concreto-Viga Retangular,Quadro estrutural,3E.04.50-Sistema Elétrico,MG.BHZ.044-BAR-ELE-MOD-001-BASxxx-R02.nwc,,
1093,1093,3E.04.50-Sistema Elétrico - 11 x 11cM,3E.04.50-Sistema Elétrico - 11 x 11cM,Concreto-Viga Retangular,Quadro estrutural,3E.04.50-Sistema Elétrico,MG.BHZ.044-BAR-ELE-MOD-001-BASxxx-R02.nwc,,
1096,1096,"3E.04.50-Sistema Elétrico - 1,6 x 1,6 cm","3E.04.50-Sistema Elétrico - 1,6 x 1,6 cm",Concreto-Retangular-Coluna,Pilares estruturais,3E.04.50-Sistema Elétrico,MG.BHZ.044-BAR-ELE-MOD-001-BASxxx-R02.nwc,,
1099,1099,3E.04.50-Sistema Elétrico - 40 x 40cm,3E.04.50-Sistema Elétrico - 40 x 40cm,Concreto-Retangular-Coluna,Pilares estruturais,3E.04.50-Sistema Elétrico,MG.BHZ.044-BAR-ELE-MOD-001-BASxxx-R02.nwc,,
1105,1105,3E.04.50-Sistema Elétrico - 40 x 10cm,3E.04.50-Sistema Elétrico - 40 x 10cm,Concreto-Retangular-Coluna,Pilares estruturais,3E.04.50-Sistema Elétrico,MG.BHZ.044-BAR-ELE-MOD-001-BASxxx-R02.nwc,,
1106,1106,3E.04.50-Sistema Elétrico - 33 x 10cm,3E.04.50-Sistema Elétrico - 33 x 10cm,Concreto-Retangular-Coluna,Pilares estruturais,3E.04.50-Sistema Elétrico,MG.BHZ.044-BAR-ELE-MOD-001-BASxxx-R02.nwc,,
1107,1107,CAIXA POLAR,CAIXA POLAR,PADRAO_ELE_Caixa_Passagem_Parede_Caixa_4x2,Dispositivos elétricos,CAIXA POLAR,MG.BHZ.044-BAR-ELE-MOD-001-BASxxx-R02.nwc,,
1108,1108,Linha Eletroduto Corrugado (Amarelo),Linha Eletroduto Corrugado (Amarelo),xNESTED_PADRAO_ELE_A2_Caixa_Luz_4x2_PVC,Conexões do conduite,Linha Eletroduto Corrugado (Amarelo),MG.BHZ.044-BAR-ELE-MOD-001-BASxxx-R02.nwc,,
1109,1109,3E.04.50-Sistema Elétrico - 10 x 10cm,3E.04.50-Sistema Elétrico - 10 x 10cm,Concreto-Viga Retangular,Quadro estrutural,3E.04.50-Sistema Elétrico,MG.BHZ.044-BAR-ELE-MOD-001-BASxxx-R02.nwc,,
1112,1112,3E.04.50-Sistema Elétrico - 75 x 75 cm,3E.04.50-Sistema Elétrico - 75 x 75 cm,Concreto-Viga Retangular,Quadro estrutural,3E.04.50-Sistema Elétrico,MG.BHZ.044-BAR-ELE-MOD-001-BASxxx-R02.nwc,,
1115,1115,"3E.04.50-Sistema Elétrico - 2,5 x 2,5 cm","3E.04.50-Sistema Elétrico - 2,5 x 2,5 cm",Concreto-Viga Retangular,Quadro estrutural,3E.04.50-Sistema Elétrico,MG.BHZ.044-BAR-ELE-MOD-001-BASxxx-R02.nwc,,
1128,1128,3E.04.50-Sistema Elétrico - 65 x 65 cm,3E.04.50-Sistema Elétrico - 65 x 65 cm,Concreto-Viga Retangular,Quadro estrutural,Fase - Existente,MG.BHZ.044-BAR-ELE-MOD-001-BASxxx-R02.nwc,,
1139,1139,3E.04.50-Sistema Elétrico - 100 x 100 cm,3E.04.50-Sistema Elétrico - 100 x 100 cm,Concreto-Viga Retangular,Quadro estrutural,3E.04.50-Sistema Elétrico,MG.BHZ.044-BAR-ELE-MOD-001-BASxxx-R02.nwc,,
1161,1161,3E.04.50-Sistema Elétrico - Barramento,3E.04.50-Sistema Elétrico - Barramento,Concreto-Retangular-Coluna,Pilares estruturais,3E.04.50-Sistema Elétrico,MG.BHZ.044-BAR-ELE-MOD-001-BASxxx-R02.nwc,,
1164,1164,3E.04.50-Sistema Elétrico - 60 x 60cm,3E.04.50-Sistema Elétrico - 60 x 60cm,Concreto-Retangular-Coluna,Pilares estruturais,3E.04.50-Sistema Elétrico,MG.BHZ.044-BAR-ELE-MOD-001-BASxxx-R02.nwc,,
1165,1165,3E.04.50-Sistema Elétrico - 5 x 5cm,3E.04.50-Sistema Elétrico - 5 x 5cm,Concreto-Retangular-Coluna,Pilares estruturais,3E.04.50-Sistema Elétrico,MG.BHZ.044-BAR-ELE-MOD-001-BASxxx-R02.nwc,,
1166,1166,"3E.04.50-Sistema Elétrico - 6,5 x 6,5cm","3E.04.50-Sistema Elétrico - 6,5 x 6,5cm",Concreto-Retangular-Coluna,Pilares estruturais,3E.04.50-Sistema Elétrico,MG.BHZ.044-BAR-ELE-MOD-001-BASxxx-R02.nwc,,
1167,1167,3E.04.50-Sistema Elétrico - 10 x 10 cm,3E.04.50-Sistema Elétrico - 10 x 10 cm,Concreto-Retangular-Coluna,Pilares estruturais,3E.04.50-Sistema Elétrico,MG.BHZ.044-BAR-ELE-MOD-001-BASxxx-R02.nwc,,
1178,1178,"3E.04.50-Sistema Elétrico - CAIXA DE PASSAGE, 50x50x30cm","3E.04.50-Sistema Elétrico - CAIXA DE PASSAGE, 50x50x30cm",Concreto-Viga Retangular,Quadro estrutural,3E.04.50-Sistema Elétrico,MG.BHZ.044-BAR-ELE-MOD-001-BASxxx-R02.nwc,,
1182,1182,3E.04.50-Sistema Elétrico - CAIXA DE PASSAGEM 20x20x20cm,3E.04.50-Sistema Elétrico - CAIXA DE PASSAGEM 20x20x20cm,Concreto-Viga Retangular,Quadro estrutural,3E.04.50-Sistema Elétrico,MG.BHZ.044-BAR-ELE-MOD-001-BASxxx-R02.nwc,,
1197,1197,3E.04.50-Sistema Elétrico - 30 x 30cm,3E.04.50-Sistema Elétrico - 30 x 30cm,Concreto-Viga Retangular,Quadro estrutural,3E.02.10-Superestrutura,MG.BHZ.044-BAR-ELE-MOD-001-BASxxx-R02.nwc,,
1360,1360,3E.04.50-Sistema Elétrico - 50 x 50 cm,3E.04.50-Sistema Elétrico - 50 x 50 cm,Concreto-Viga Retangular,Quadro estrutural,3E.04.50-Sistema Elétrico,MG.BHZ.044-BAR-ELE-MOD-001-BASxxx-R02.nwc,,
1735,1735,"3E.04.50-Sistema Elétrico - 3,2 x 3,2cm","3E.04.50-Sistema Elétrico - 3,2 x 3,2cm",Concreto-Viga Retangular,Quadro estrutural,3E.04.50-Sistema Elétrico,MG.BHZ.044-BAR-ELE-MOD-001-BASxxx-R02.nwc,,
1751,1751,3E.04.50-Sistema Elétrico - 6 x 6cm,3E.04.50-Sistema Elétrico - 6 x 6cm,Concreto-Viga Retangular,Quadro estrutural,3E.04.50-Sistema Elétrico,MG.BHZ.044-BAR-ELE-MOD-001-BASxxx-R02.nwc,,
1763,1763,"3E.04.50-Sistema Elétrico - 3,2 x 3,2 cm","3E.04.50-Sistema Elétrico - 3,2 x 3,2 cm",Concreto-Retangular-Coluna,Pilares estruturais,3E.04.50-Sistema Elétrico,MG.BHZ.044-BAR-ELE-MOD-001-BASxxx-R02.nwc,,
1764,1764,3E.04.50-Sistema Elétrico - 30 x 30 cm,3E.04.50-Sistema Elétrico - 30 x 30 cm,Concreto-Retangular-Coluna,Pilares estruturais,3E.04.50-Sistema Elétrico,MG.BHZ.044-BAR-ELE-MOD-001-BASxxx-R02.nwc,,
1766,1766,3E.04.50-Sistema Elétrico 75 x 75 cm,3E.04.50-Sistema Elétrico 75 x 75 cm,Concreto-Retangular-Coluna,Pilares estruturais,3E.04.50-Sistema Elétrico,MG.BHZ.044-BAR-ELE-MOD-001-BASxxx-R02.nwc,,
1937,1937,3E.04.50-Sistema Elétrico - 30 x 10cm,3E.04.50-Sistema Elétrico - 30 x 10cm,Concreto-Retangular-Coluna,Pilares estruturais,3E.04.50-Sistema Elétrico,MG.BHZ.044-BAR-ELE-MOD-001-BASxxx-R02.nwc,,
1938,1938,Standart,Standart,EAE_REVOLEDX_90_128W,Luminárias,Standart,MG.BHZ.044-BAR-ELE-MOD-001-BASxxx-R02.nwc,,
1982,1982,Trifásico 3,Trifásico 3,Quadro de distribuição de Sobrepor_225A_CEMAR QDSTG II_56 Disjuntores,Equipamento elétrico,Trifásico 3,MG.BHZ.044-BAR-ELE-MOD-001-BASxxx-R02.nwc,,
1990,1990,Trifásico,Trifásico,Quadro de distribuição de Sobrepor_225A_CEMAR QDSTG II_56 Disjuntores,Equipamento elétrico,Trifásico,MG.BHZ.044-BAR-ELE-MOD-001-BASxxx-R02.nwc,,
1998,1998,QDC,Quadro de Distribuição 3-4 Disjuntores de embutir em PVC,Quadro_de_Distribuição_3-4_Disjuntores_de_embutir_em_PVC,Equipamento elétrico,Quadro de Distribuição 3-4 Disjuntores de embutir em PVC,MG.BHZ.044-BAR-ELE-MOD-001-BASxxx-R02.nwc,,
2008,2008,x.Módulo de Tomada não listavel 2,x.Módulo de Tomada não listavel 2,xNESTED_PADRAO_ELE_A2_Módulo_de_Tomada_não_listavel_2_tomadas2,Dispositivos elétricos,x.Módulo de Tomada não listavel 2,MG.BHZ.044-BAR-ELE-MOD-001-BASxxx-R02.nwc,,
2022,2022,a. 2 Tomadas 2P+T 10A,a. 2 Tomadas 2P+T 10A,PADRAO_ELE_A2_Tomadas_2P+T_Conjunto_4x2,Dispositivos elétricos,a. 2 Tomadas 2P+T 10A,MG.BHZ.044-BAR-ELE-MOD-001-BASxxx-R02.nwc,,
2028,2028,TOMADA 2P+T-10A E INTERRUPTOR SIMPLES EM CAIXA 2X4,TOMADA 2P+T-10A E INTERRUPTOR SIMPLES EM CAIXA 2X4,PADRAO_ELE_A2_Tomadas_2P+T_Conjunto_4x2,Dispositivos elétricos,TOMADA 2P+T-10A E INTERRUPTOR SIMPLES EM CAIXA 2X4,MG.BHZ.044-BAR-ELE-MOD-001-BASxxx-R02.nwc,,
2029,2029,a. Tomada 2P+T 10A,a. Tomada 2P+T 10A,PADRAO_ELE_Tomada_2P+T_Conjunto_4x2,Dispositivos elétricos,a. Tomada 2P+T 10A,MG.BHZ.044-BAR-ELE-MOD-001-BASxxx-R02.nwc,,
2104,2104,BOTOEIRA PARA SISTEMA DE ILUMINAÇÃO PARA BANHEIROS PCD,BOTOEIRA PARA SISTEMA DE ILUMINAÇÃO PARA BANHEIROS PCD,PADRAO_ELE_Caixa_Passagem_Parede_Caixa_4x2,Dispositivos elétricos,BOTOEIRA PARA SISTEMA DE ILUMINAÇÃO PARA BANHEIROS PCD,MG.BHZ.044-BAR-ELE-MOD-001-BASxxx-R02.nwc,,
2112,2112,2P  +T - 10A EM CAIXA 2X4/ILUMINAÇÃO DE EMERGÊNCIA,2P  +T - 10A EM CAIXA 2X4/ILUMINAÇÃO DE EMERGÊNCIA,PADRAO_ELE_Caixa_Passagem_Parede_Caixa_4x2,Dispositivos elétricos,2P  +T - 10A EM CAIXA 2X4/ILUMINAÇÃO DE EMERGÊNCIA,MG.BHZ.044-BAR-ELE-MOD-001-BASxxx-R02.nwc,,
2113,2113,a.Simples,a.Simples,1.a_1 Interruptor_Conjunto 4x2,Dispositivos de iluminação,a.Simples,MG.BHZ.044-BAR-ELE-MOD-001-BASxxx-R02.nwc,,
2121,2121,PVC Corrugado Amarelo_Caixa de Octogonal 4x4,PVC Corrugado Amarelo_Caixa de Octogonal 4x4,PADRAO_ELE_A2_PVC_Corrugado_Amarelo_Caixa_Octogonal_4x4,Conexões do conduite,PVC Corrugado Amarelo_Caixa de Octogonal 4x4,MG.BHZ.044-BAR-ELE-MOD-001-BASxxx-R02.nwc,,
2138,2138,1.f Tampa cega,1.f Tampa cega,PADRAO_ELE_A2_Condulete_Top_Tampas_Condulete_PVC,Conexões do conduite,1.f Tampa cega,MG.BHZ.044-BAR-ELE-MOD-001-BASxxx-R02.nwc,,
2204,2204,Condulete Top_Condulete de PVC 5 entradas 1pol,Condulete Top_Condulete de PVC 5 entradas 1pol,PADRAO_ELE_A2_Condulete_Top_Condulete_PVC_5_entradas_1pol,Conexões do conduite,Condulete Top_Condulete de PVC 5 entradas 1pol,MG.BHZ.044-BAR-ELE-MOD-001-BASxxx-R02.nwc,,
2286,2286,PVC Corrugado Amarelo_Caixa de Luz 4x2,PVC Corrugado Amarelo_Caixa de Luz 4x2,xNESTED_PADRAO_ELE_A2_Caixa_Luz_4x2_PVC,Conexões do conduite,PVC Corrugado Amarelo_Caixa de Luz 4x2,MG.BHZ.044-BAR-ELE-MOD-001-BASxxx-R02.nwc,,
2391,2391,"3E.04.50-Sistema Elétrico - 0,32x0,32cm","3E.04.50-Sistema Elétrico - 0,32x0,32cm",Concreto-Viga Retangular,Quadro estrutural,"3E.04.50-Sistema Elétrico - 0,32x0,32cm",MG.BHZ.044-BAR-ELE-MOD-001-BASxxx-R02.nwc,,
2441,2441,3E.04.50-Sistema Elétrico -40 x 40cm,3E.04.50-Sistema Elétrico -40 x 40cm,Concreto-Viga Retangular,Quadro estrutural,3E.04.50-Sistema Elétrico,MG.BHZ.044-BAR-ELE-MOD-001-BASxxx-R02.nwc,,
2521,2521,"3E.04.50-Sistema Elétrico - 0,32 x 0,32 cm","3E.04.50-Sistema Elétrico - 0,32 x 0,32 cm",Concreto-Retangular-Coluna,Pilares estruturais,3E.04.50-Sistema Elétrico,MG.BHZ.044-BAR-ELE-MOD-001-BASxxx-R02.nwc,,
2550,2550,Trifásico 2,Trifásico 2,Quadro de distribuição de Sobrepor_225A_CEMAR QDSTG II_56 Disjuntores,Equipamento elétrico,Trifásico 2,MG.BHZ.044-BAR-ELE-MOD-001-BASxxx-R02.nwc,,
2551,2551,Trifasico 3,Trifasico 3,Quadro de distribuição de Embutir_225A_CEMAR QDETG II_70 Disjuntores,Equipamento elétrico,Trifasico 3,MG.BHZ.044-BAR-ELE-MOD-001-BASxxx-R02.nwc,,
2556,2556,RELÉ FOTOELÉTRICO,RELÉ FOTOELÉTRICO,PADRAO_ELE_Caixa_Passagem_Parede_Caixa_4x2,Dispositivos elétricos,RELÉ FOTOELÉTRICO,MG.BHZ.044-BAR-ELE-MOD-001-BASxxx-R02.nwc,,
2577,2577,2 TOMADAS 2P+T-10 EM CAIXA 2X4,2 TOMADAS 2P+T-10 EM CAIXA 2X4,PADRAO_ELE_A2_Tomadas_2P+T_Conjunto_4x2,Dispositivos elétricos,2 TOMADAS 2P+T-10 EM CAIXA 2X4,MG.BHZ.044-BAR-ELE-MOD-001-BASxxx-R02.nwc,,
2581,2581,TOMADA 2P+T-10 EM CAIXA 2X4 2,TOMADA 2P+T-10 EM CAIXA 2X4 2,PADRAO_ELE_A2_Tomadas_2P+T_Conjunto_4x2,Dispositivos elétricos,TOMADA 2P+T-10 EM CAIXA 2X4 2,MG.BHZ.044-BAR-ELE-MOD-001-BASxxx-R02.nwc,,
2585,2585,2 INTERRUPTOR SIMPLES EM CAIXA 2X4 PARA DRYWALL,2 INTERRUPTOR SIMPLES EM CAIXA 2X4 PARA DRYWALL,1.a_1 Interruptor_Conjunto 4x2,Dispositivos de iluminação,2 INTERRUPTOR SIMPLES EM CAIXA 2X4 PARA DRYWALL,MG.BHZ.044-BAR-ELE-MOD-001-BASxxx-R02.nwc,,
2874,2874,NAOLISTAR,NAOLISTAR,Piso,Pisos,"Concreto, Moldado in loco",MG.BHZ.044-BAR-ELE-MOD-001-BASxxx-R02.nwc,,
2878,2878,3E.04.50-Sistema Elétrico - 4 x 4 cm,3E.04.50-Sistema Elétrico - 4 x 4 cm,Concreto-Retangular-Coluna,Pilares estruturais,3E.04.50-Sistema Elétrico,MG.BHZ.044-BAR-ELE-MOD-001-BASxxx-R02.nwc,,
2955,2955,3E.04.50-Sistema Elétrico - 20 x 20 x 15cm,3E.04.50-Sistema Elétrico - 20 x 20 x 15cm,Concreto-Retangular-Coluna,Pilares estruturais,3E.04.50-Sistema Elétrico,MG.BHZ.044-BAR-ELE-MOD-001-BASxxx-R02.nwc,,
2956,2956,Poste 09,Poste 09,Poste 09,Luminárias,Poste 09,MG.BHZ.044-BAR-ELE-MOD-001-BASxxx-R02.nwc,,
2964,2964,"2 Points of Charge, 0 V, Único Fase, 2 Fiação",2 Points of Charge,Schneider Electric _ EVlink Parking (Floor-standing),Equipamento elétrico,2 Points of Charge,MG.BHZ.044-BAR-ELE-MOD-001-BASxxx-R02.nwc,,
2981,2981,Trifasico,Trifasico,Quadro de distribuição de Embutir_225A_CEMAR QDETG II_70 Disjuntores,Equipamento elétrico,Trifasico,MG.BHZ.044-BAR-ELE-MOD-001-BASxxx-R02.nwc,,
2982,2982,a. Caixa de Passagem com placa cega,a. Caixa de Passagem com placa cega,PADRAO_ELE_Caixa_Passagem_Parede_Caixa_4x2,Dispositivos elétricos,a. Caixa de Passagem com placa cega,MG.BHZ.044-BAR-ELE-MOD-001-BASxxx-R02.nwc,,
2983,2983,x.Módulo de Tomada não listavel 4,x.Módulo de Tomada não listavel 4,xNESTED_PADRAO_ELE_A2_Módulo_de_Tomada_não_listavel_4,Dispositivos elétricos,x.Módulo de Tomada não listavel 4,MG.BHZ.044-BAR-ELE-MOD-001-BASxxx-R02.nwc,,
2985,2985,a.1 Simples + 1 Tomada 10A,a.1 Simples + 1 Tomada 10A,PADRAO_ELE_1.e_1_Tomada+1_Interruptor_Conjunto_4x2,Dispositivos elétricos,a.1 Simples + 1 Tomada 10A,MG.BHZ.044-BAR-ELE-MOD-001-BASxxx-R02.nwc,,
3000,3000,x. Módulo de Tecla Interrupor não listavel 4,x. Módulo de Tecla Interrupor não listavel 4,x. Módulo de Tecla Interrupor não listavel 4,Dispositivos de iluminação,x. Módulo de Tecla Interrupor não listavel 4,MG.BHZ.044-BAR-ELE-MOD-001-BASxxx-R02.nwc,,
3002,3002,a.Sensor de presença,a.Sensor de presença,1.g_ Sensor de Presença_Conjunto 4x2,Dispositivos de iluminação,a.Sensor de presença,MG.BHZ.044-BAR-ELE-MOD-001-BASxxx-R02.nwc,,
3006,3006,a.Sensor de presença de Teto,a.Sensor de presença de Teto,1.h_ Sensor de Presença de Teto,Dispositivos de iluminação,a.Sensor de presença de Teto,MG.BHZ.044-BAR-ELE-MOD-001-BASxxx-R02.nwc,,
3149,3149,3E.04.50-Sistema Elétrico - 100x 50 cm,3E.04.50-Sistema Elétrico - 100x 50 cm,Concreto-Viga Retangular,Quadro estrutural,3E.04.50-Sistema Elétrico,MG.BHZ.044-BAR-ELE-MOD-001-BASxxx-R02.nwc,,
3151,3151,3E.04.50-Sistema Elétrico - 38x 38 cm,3E.04.50-Sistema Elétrico - 38x 38 cm,Concreto-Viga Retangular,Quadro estrutural,3E.04.50-Sistema Elétrico,MG.BHZ.044-BAR-ELE-MOD-001-BASxxx-R02.nwc,,
3278,3278,Condulete Top_Adaptador para Condulete de PVC,Condulete Top_Adaptador para Condulete de PVC,PADRAO_ELE_A2_Condulete_Top_Adaptador_Condulete_PVC,Conexões do conduite,Condulete Top_Adaptador para Condulete de PVC,MG.BHZ.044-BAR-ELE-MOD-001-BASxxx-R02.nwc,,
3338,3338,3E.04.60-Sistema de Comunicação - 40X200MM 2,3E.04.60-Sistema de Comunicação - 40X200MM 2,Concreto-Retangular-Coluna,Pilares estruturais,3E.04.60-Sistema de Comunicação,MG.BHZ.044-BAR-VDI-MOD-001-GERxxx-R01.nwc,,
3340,3340,3E.04.60-Sistema de Comunicação - 200X40mm,3E.04.60-Sistema de Comunicação - 200X40mm,Concreto-Viga Retangular,Quadro estrutural,3E.04.60-Sistema de Comunicação,MG.BHZ.044-BAR-VDI-MOD-001-GERxxx-R01.nwc,,
3344,3344,3E.04.60-Sistema de Comunicação - 25mm,3E.04.60-Sistema de Comunicação - 25mm,Concreto-Viga Retangular,Quadro estrutural,3E.04.60-Sistema de Comunicação,MG.BHZ.044-BAR-VDI-MOD-001-GERxxx-R01.nwc,,
3493,3493,3E.04.60-Sistema de Comunicação - 32X32MM,3E.04.60-Sistema de Comunicação - 32X32MM,Concreto-Retangular-Coluna,Pilares estruturais,3E.04.60-Sistema de Comunicação,MG.BHZ.044-BAR-VDI-MOD-001-GERxxx-R01.nwc,,
3502,3502,IIIII 2,IIIII 2,Concreto-Retangular-Coluna,Pilares estruturais,3E.04.60-Sistema de Comunicação,MG.BHZ.044-BAR-VDI-MOD-001-GERxxx-R01.nwc,,
3506,3506,3E.04.60-Sistema de Comunicação - 25X25MM,3E.04.60-Sistema de Comunicação - 25X25MM,Concreto-Retangular-Coluna,Pilares estruturais,3E.04.60-Sistema de Comunicação,MG.BHZ.044-BAR-VDI-MOD-001-GERxxx-R01.nwc,,
3538,3538,15X15X08,15X15X08,Tigre_-_Quadro_VDI,Equipamento elétrico,15X15X08,MG.BHZ.044-BAR-VDI-MOD-001-GERxxx-R01.nwc,,
3539,3539,40x80,40x80,Tigre_-_Quadro_VDI,Equipamento elétrico,40x80,MG.BHZ.044-BAR-VDI-MOD-001-GERxxx-R01.nwc,,
3541,3541,Ponto de Força Saida de Fio,Ponto de Força Saida de Fio,PADRAO_ELE_1.d_Ponto_de_Força_Saida_de_Fio_Conjunto_4x2_no_Teto,Dispositivos elétricos,Ponto de Força Saida de Fio,MG.BHZ.044-BAR-VDI-MOD-001-GERxxx-R01.nwc,,
3552,3552,RJ45,RJ45,PADRAO_ELE_A2_Tomada_RJ11-RJ45_Conjunto_4x4,Dispositivos de comunicação,RJ45,MG.BHZ.044-BAR-VDI-MOD-001-GERxxx-R01.nwc,,
3587,3587,PVC Corrugado Amarelo_Caixa de Luz 4x4,PVC Corrugado Amarelo_Caixa de Luz 4x4,PADRAO_ELE_A2_PVC_Corrugado_Amarelo_Caixa_Luz_4x1,Conexões do conduite,PVC Corrugado Amarelo_Caixa de Luz 4x4,MG.BHZ.044-BAR-VDI-MOD-001-GERxxx-R01.nwc,,
7575,7575,3E.04.60-Sistema de Comunicação - CAIXA DE PASSAGEM 107x52x50,3E.04.60-Sistema de Comunicação - CAIXA DE PASSAGEM 107x52x50,Concreto-Viga Retangular,Quadro estrutural,3E.04.60-Sistema de Comunicação,MG.BHZ.044-BAR-VDI-MOD-001-GERxxx-R01.nwc,,
7673,7673,3E.04.60-Sistema de Comunicação - 40mm,3E.04.60-Sistema de Comunicação - 40mm,Concreto-Viga Retangular,Quadro estrutural,3E.04.60-Sistema de Comunicação,MG.BHZ.044-BAR-VDI-MOD-001-GERxxx-R01.nwc,,
7681,7681,3E.04.60-Sistema de Comunicação - 32mm,3E.04.60-Sistema de Comunicação - 32mm,Concreto-Viga Retangular,Quadro estrutural,3E.04.60-Sistema de Comunicação,MG.BHZ.044-BAR-VDI-MOD-001-GERxxx-R01.nwc,,
7709,7709,3E.04.60-Sistema de Comunicação - 75mm,3E.04.60-Sistema de Comunicação - 75mm,Concreto-Viga Retangular,Quadro estrutural,3E.04.60-Sistema de Comunicação,MG.BHZ.044-BAR-VDI-MOD-001-GERxxx-R01.nwc,,
7725,7725,"3E.04.60-Sistema de Comunicação - 2,5 x 2,5 cm","3E.04.60-Sistema de Comunicação - 2,5 x 2,5 cm",Concreto-Viga Retangular,Quadro estrutural,3E.04.60-Sistema de Comunicação,MG.BHZ.044-BAR-VDI-MOD-001-GERxxx-R01.nwc,,
7757,7757,100 2,100 2,Concreto-Viga Retangular,Quadro estrutural,3E.04.60-Sistema de Comunicação,MG.BHZ.044-BAR-VDI-MOD-001-GERxxx-R01.nwc,,
7762,7762,"3E.04.60-Sistema de Comunicação - 12,5 x 10cm","3E.04.60-Sistema de Comunicação - 12,5 x 10cm",Concreto-Viga Retangular,Quadro estrutural,3E.04.60-Sistema de Comunicação,MG.BHZ.044-BAR-VDI-MOD-001-GERxxx-R01.nwc,,
7767,7767,3E.04.60-Sistema de Comunicação - 30 x 10cm,3E.04.60-Sistema de Comunicação - 30 x 10cm,Concreto-Viga Retangular,Quadro estrutural,3E.04.60-Sistema de Comunicação,MG.BHZ.044-BAR-VDI-MOD-001-GERxxx-R01.nwc,,
7785,7785,3E.04.60-Sistema de Comunicação - 40X40MM,3E.04.60-Sistema de Comunicação - 40X40MM,Concreto-Retangular-Coluna,Pilares estruturais,3E.04.60-Sistema de Comunicação,MG.BHZ.044-BAR-VDI-MOD-001-GERxxx-R01.nwc,,
7859,7859,3E.04.60-Sistema de Comunicação - 12.5 x 10cm,3E.04.60-Sistema de Comunicação - 12.5 x 10cm,Concreto-Retangular-Coluna,Pilares estruturais,3E.04.60-Sistema de Comunicação,MG.BHZ.044-BAR-VDI-MOD-001-GERxxx-R01.nwc,,
7862,7862,y,y,Concreto-Retangular-Coluna,Pilares estruturais,3E.04.60-Sistema de Comunicação,MG.BHZ.044-BAR-VDI-MOD-001-GERxxx-R01.nwc,,
7863,7863,300x0.95,300x0.95,Concreto-Retangular-Coluna,Pilares estruturais,3E.04.60-Sistema de Comunicação,MG.BHZ.044-BAR-VDI-MOD-001-GERxxx-R01.nwc,,
7865,7865,80x60cm,80x60cm,Caixa metálica abrigo medidores de gás,Peças hidrossanitárias,80x60cm,MG.BHZ.044-BAR-VDI-MOD-001-GERxxx-R01.nwc,,
7866,7866,Poste de luz,Poste de luz,Poste de luz 12-1000,Mobiliário,Poste de luz,MG.BHZ.044-BAR-VDI-MOD-001-GERxxx-R01.nwc,,
7868,7868,IIIIII,IIIIII,Tigre_-_Quadro_VDI,Equipamento elétrico,IIIIII,MG.BHZ.044-BAR-VDI-MOD-001-GERxxx-R01.nwc,,
7874,7874,100x100x12,100x100x12,Tigre_-_Quadro_VDI,Equipamento elétrico,100x100x12,MG.BHZ.044-BAR-VDI-MOD-001-GERxxx-R01.nwc,,
7876,7876,80X80,80X80,Tigre_-_Quadro_VDI,Equipamento elétrico,80X80,MG.BHZ.044-BAR-VDI-MOD-001-GERxxx-R01.nwc,,
7877,7877,2 MP,2 MP,Camera-Security-Samsung-2MP_Weatherproof_Network_Bullet,Dispositivos de segurança,2 MP,MG.BHZ.044-BAR-VDI-MOD-001-GERxxx-R01.nwc,,
7902,7902,Ponto RJ45,Ponto RJ45,PADRAO_ELE_A2_Tomada_RJ45_Conjunto_4x2,Dispositivos de comunicação,Ponto RJ45,MG.BHZ.044-BAR-VDI-MOD-001-GERxxx-R01.nwc,,
7966,7966,3E.04.60-Sistema de Comunicação - 25x25CM,3E.04.60-Sistema de Comunicação - 25x25CM,Concreto-Retangular-Coluna,Pilares estruturais,3E.04.60-Sistema de Comunicação - 25x25CM,MG.BHZ.044-BAR-VDI-MOD-001-GERxxx-R01.nwc,,
8018,8018,15x15x08cm,15x15x08cm,Tigre_-_Quadro_VDI,Equipamento elétrico,15x15x08cm,MG.BHZ.044-BAR-VDI-MOD-001-GERxxx-R01.nwc,,
8205,8205,3E.04.60-Sistema de Comunicação - CAIXA DE PASSAGEM 40X40X50CM,3E.04.60-Sistema de Comunicação - CAIXA DE PASSAGEM 40X40X50CM,Concreto-Viga Retangular,Quadro estrutural,3E.04.60-Sistema de Comunicação,MG.BHZ.044-BAR-VDI-MOD-001-GERxxx-R01.nwc,,
8211,8211,3E.04.60-Sistema de Comunicação - 4 x 4cm,3E.04.60-Sistema de Comunicação - 4 x 4cm,Concreto-Viga Retangular,Quadro estrutural,3E.04.60-Sistema de Comunicação,MG.BHZ.044-BAR-VDI-MOD-001-GERxxx-R01.nwc,,
8220,8220,3E.04.60-Sistema de Comunicação - 22 x 11cm,3E.04.60-Sistema de Comunicação - 22 x 11cm,Concreto-Viga Retangular,Quadro estrutural,3E.04.60-Sistema de Comunicação,MG.BHZ.044-BAR-VDI-MOD-001-GERxxx-R01.nwc,,
8224,8224,3E.04.60-Sistema de Comunicação - 8 x 4cm,3E.04.60-Sistema de Comunicação - 8 x 4cm,Concreto-Viga Retangular,Quadro estrutural,3E.04.60-Sistema de Comunicação,MG.BHZ.044-BAR-VDI-MOD-001-GERxxx-R01.nwc,,
8225,8225,3E.04.60-Sistema de Comunicação - 14 x 4cm,3E.04.60-Sistema de Comunicação - 14 x 4cm,Concreto-Viga Retangular,Quadro estrutural,3E.04.60-Sistema de Comunicação,MG.BHZ.044-BAR-VDI-MOD-001-GERxxx-R01.nwc,,
8226,8226,3E.04.60-Sistema de Comunicação - 32 x 4,3E.04.60-Sistema de Comunicação - 32 x 4,Concreto-Viga Retangular,Quadro estrutural,3E.04.60-Sistema de Comunicação,MG.BHZ.044-BAR-VDI-MOD-001-GERxxx-R01.nwc,,
8227,8227,3E.04.60-Sistema de Comunicação - 48 x 4,3E.04.60-Sistema de Comunicação - 48 x 4,Concreto-Viga Retangular,Quadro estrutural,3E.04.60-Sistema de Comunicação,MG.BHZ.044-BAR-VDI-MOD-001-GERxxx-R01.nwc,,
8228,8228,3E.04.60-Sistema de Comunicação - 45 x 4,3E.04.60-Sistema de Comunicação - 45 x 4,Concreto-Viga Retangular,Quadro estrutural,3E.04.60-Sistema de Comunicação,MG.BHZ.044-BAR-VDI-MOD-001-GERxxx-R01.nwc,,
8229,8229,3E.04.60-Sistema de Comunicação - 53 x 4,3E.04.60-Sistema de Comunicação - 53 x 4,Concreto-Viga Retangular,Quadro estrutural,3E.04.60-Sistema de Comunicação,MG.BHZ.044-BAR-VDI-MOD-001-GERxxx-R01.nwc,,
8230,8230,3E.04.60-Sistema de Comunicação - 56 x 4,3E.04.60-Sistema de Comunicação - 56 x 4,Concreto-Viga Retangular,Quadro estrutural,3E.04.60-Sistema de Comunicação,MG.BHZ.044-BAR-VDI-MOD-001-GERxxx-R01.nwc,,
8306,8306,3E.04.60-Sistema de Comunicação - 75X75MM,3E.04.60-Sistema de Comunicação - 75X75MM,Concreto-Retangular-Coluna,Pilares estruturais,3E.04.60-Sistema de Comunicação,MG.BHZ.044-BAR-VDI-MOD-001-GERxxx-R01.nwc,,
8322,8322,3E.04.60-Sistema de Comunicação - 32 x 4cm,3E.04.60-Sistema de Comunicação - 32 x 4cm,Concreto-Retangular-Coluna,Pilares estruturais,3E.04.60-Sistema de Comunicação,MG.BHZ.044-BAR-VDI-MOD-001-GERxxx-R01.nwc,,
8334,8334,100x100x12 2,100x100x12 2,Tigre_-_Quadro_VDI,Equipamento elétrico,100x100x12 2,MG.BHZ.044-BAR-VDI-MOD-001-GERxxx-R01.nwc,,
8338,8338,"3E.04.20.00.00-Sistemas Hidrosanitários - 2,2 x 2,2 cm","3E.04.20.00.00-Sistemas Hidrosanitários - 2,2 x 2,2 cm",Concreto-Viga retangular,Quadro estrutural,3E.04.20.00.00-Sistemas Hidrosanitários,MG.BHZ.044-BAR-HID-MOD-001-BASxxx-R02.nwc,,
8343,8343,"3E.04.20.00.00-Sistemas Hidrosanitários - 7,3 x 7,3 cm","3E.04.20.00.00-Sistemas Hidrosanitários - 7,3 x 7,3 cm",Concreto-Viga retangular,Quadro estrutural,3E.04.20.00.00-Sistemas Hidrosanitários,MG.BHZ.044-BAR-HID-MOD-001-BASxxx-R02.nwc,,
8356,8356,3E.04.20.00.00-Sistemas Hidrosanitários - Ø105 mm,3E.04.20.00.00-Sistemas Hidrosanitários - Ø105 mm,Concreto-Redondo-Coluna,Pilares estruturais,3E.04.20.00.00-Sistemas Hidrosanitários,MG.BHZ.044-BAR-HID-MOD-001-BASxxx-R02.nwc,,
8360,8360,"3E.04.20.00.00-Sistemas Hidrosanitários - 3,2 x 3,2 cm","3E.04.20.00.00-Sistemas Hidrosanitários - 3,2 x 3,2 cm",Concreto-Viga retangular,Quadro estrutural,Shaft-HID-RGB 0-0-255,MG.BHZ.044-BAR-HID-MOD-001-BASxxx-R02.nwc,,
8361,8361,"3E.04.20.00.00-Sistemas Hidrosanitários - 2,8 x 2,8 cm","3E.04.20.00.00-Sistemas Hidrosanitários - 2,8 x 2,8 cm",Concreto-Viga retangular,Quadro estrutural,Shaft-HID-RGB 0-0-255,MG.BHZ.044-BAR-HID-MOD-001-BASxxx-R02.nwc,,
8369,8369,"3E.04.20.00.00-Sistemas Hidrosanitários - 1,6 x 1,6 cm","3E.04.20.00.00-Sistemas Hidrosanitários - 1,6 x 1,6 cm",Concreto-Viga retangular,Quadro estrutural,Shaft-HID-RGB 0-0-255,MG.BHZ.044-BAR-HID-MOD-001-BASxxx-R02.nwc,,
8525,8525,3E.04.20.00.00-Sistemas Hidrosanitários - 2 x 2 cm,3E.04.20.00.00-Sistemas Hidrosanitários - 2 x 2 cm,Concreto-Viga retangular,Quadro estrutural,Shaft-HID-RGB 0-0-255,MG.BHZ.044-BAR-HID-MOD-001-BASxxx-R02.nwc,,
8773,8773,"3E.04.20.00.00-Sistemas Hidrosanitários - 2,5 x 2,5 cm","3E.04.20.00.00-Sistemas Hidrosanitários - 2,5 x 2,5 cm",Concreto-Viga retangular,Quadro estrutural,Shaft-HID-RGB 0-0-255,MG.BHZ.044-BAR-HID-MOD-001-BASxxx-R02.nwc,,
8785,8785,"3E.04.20.00.00-Sistemas Hidrosanitários - 7,5 x 7,5 cm","3E.04.20.00.00-Sistemas Hidrosanitários - 7,5 x 7,5 cm",Concreto-Viga retangular,Quadro estrutural,Shaft-DRE-RGB 0-64-0,MG.BHZ.044-BAR-HID-MOD-001-BASxxx-R02.nwc,,
8797,8797,3E.04.20.00.00-Sistemas Hidrosanitários - 10 x 10 cm,3E.04.20.00.00-Sistemas Hidrosanitários - 10 x 10 cm,Concreto-Viga retangular,Quadro estrutural,Shaft-ESG-RGB 128-64-64,MG.BHZ.044-BAR-HID-MOD-001-BASxxx-R02.nwc,,
8828,8828,3E.04.20.00.00-Sistemas Hidrosanitários - 15 x 15 cm,3E.04.20.00.00-Sistemas Hidrosanitários - 15 x 15 cm,Concreto-Viga retangular,Quadro estrutural,Shaft-DRE-RGB 0-64-0,MG.BHZ.044-BAR-HID-MOD-001-BASxxx-R02.nwc,,
8872,8872,3E.04.20.00.00-Sistemas Hidrosanitários - 5 x 5 cm,3E.04.20.00.00-Sistemas Hidrosanitários - 5 x 5 cm,Concreto-Viga retangular,Quadro estrutural,3E.04.20.00.00-Sistemas Hidrosanitários - 5 x 5 cm,MG.BHZ.044-BAR-HID-MOD-001-BASxxx-R02.nwc,,
9004,9004,3E.04.20.00.00-Sistemas Hidrosanitários - 4 x 4 cm,3E.04.20.00.00-Sistemas Hidrosanitários - 4 x 4 cm,Concreto-Viga retangular,Quadro estrutural,Shaft-ESG-RGB 128-64-64,MG.BHZ.044-BAR-HID-MOD-001-BASxxx-R02.nwc,,
9125,9125,"3E.04.20.00.00-Sistemas Hidrosanitários - 8,9 x 8,9 cm","3E.04.20.00.00-Sistemas Hidrosanitários - 8,9 x 8,9 cm",Concreto-Retangular-Coluna,Pilares estruturais,3E.04.20.00.00-Sistemas Hidrosanitários,MG.BHZ.044-BAR-HID-MOD-001-BASxxx-R02.nwc,,
9126,9126,3E.04.20.00.00-Sistemas Hidrosanitários - 8 x 8 cm,3E.04.20.00.00-Sistemas Hidrosanitários - 8 x 8 cm,Concreto-Retangular-Coluna,Pilares estruturais,3E.04.20.00.00-Sistemas Hidrosanitários,MG.BHZ.044-BAR-HID-MOD-001-BASxxx-R02.nwc,,
9128,9128,3E.04.20.00.00-Sistemas Hidrosanitários - 11 x 11 cm,3E.04.20.00.00-Sistemas Hidrosanitários - 11 x 11 cm,Concreto-Retangular-Coluna,Pilares estruturais,3E.04.20.00.00-Sistemas Hidrosanitários,MG.BHZ.044-BAR-HID-MOD-001-BASxxx-R02.nwc,,
9317,9317,3E.04.20.00.00-Sistemas Hidrosanitários - 7.5 x 7.5 cm,3E.04.20.00.00-Sistemas Hidrosanitários - 7.5 x 7.5 cm,Concreto-Retangular-Coluna,Pilares estruturais,3E.04.20.00.00-Sistemas Hidrosanitários - GORDURA,MG.BHZ.044-BAR-HID-MOD-001-BASxxx-R02.nwc,,
9508,9508,3E.04.20.00.00-Sistemas Hidrosanitários - 20 x 5 cm,3E.04.20.00.00-Sistemas Hidrosanitários - 20 x 5 cm,Concreto-Viga retangular,Quadro estrutural,3E.04.20.00.00-Sistemas Hidrosanitários - 20 x 5 cm,MG.BHZ.044-BAR-HID-MOD-001-BASxxx-R02.nwc,,
9922,9922,3E.04.20.00.00-Sistemas Hidrosanitários - 100 x 100 cm,3E.04.20.00.00-Sistemas Hidrosanitários - 100 x 100 cm,Concreto-Viga retangular,Quadro estrutural,Shaft-HID-RGB 0-0-255,MG.BHZ.044-BAR-HID-MOD-001-BASxxx-R02.nwc,,
9924,9924,"3E.04.20.00.00-Sistemas Hidrosanitários - 4,2 x 4,2 cm","3E.04.20.00.00-Sistemas Hidrosanitários - 4,2 x 4,2 cm",Concreto-Viga retangular,Quadro estrutural,Shaft-HID-RGB 0-0-255,MG.BHZ.044-BAR-HID-MOD-001-BASxxx-R02.nwc,,
9932,9932,3E.04.20.00.00-Sistemas Hidrosanitários - 22 x 22 cm,3E.04.20.00.00-Sistemas Hidrosanitários - 22 x 22 cm,Concreto-Viga retangular,Quadro estrutural,Shaft-HID-RGB 0-0-255,MG.BHZ.044-BAR-HID-MOD-001-BASxxx-R02.nwc,,
9934,9934,3E.04.20.00.00-Sistemas Hidrosanitários - 89 x 89 cm,3E.04.20.00.00-Sistemas Hidrosanitários - 89 x 89 cm,Concreto-Viga retangular,Quadro estrutural,Shaft-HID-RGB 0-0-255,MG.BHZ.044-BAR-HID-MOD-001-BASxxx-R02.nwc,,
9973,9973,3E.04.20.00.00-Sistemas Hidrosanitários - 32 x 32 cm,3E.04.20.00.00-Sistemas Hidrosanitários - 32 x 32 cm,Concreto-Viga retangular,Quadro estrutural,Shaft-HID-RGB 0-0-255,MG.BHZ.044-BAR-HID-MOD-001-BASxxx-R02.nwc,,
9974,9974,3E.04.20.00.00-Sistemas Hidrosanitários - 20 x 20 cm,3E.04.20.00.00-Sistemas Hidrosanitários - 20 x 20 cm,Concreto-Viga retangular,Quadro estrutural,Shaft-HID-RGB 0-0-255,MG.BHZ.044-BAR-HID-MOD-001-BASxxx-R02.nwc,,
10055,10055,3E.04.20.00.00-Sistemas Hidrosanitários - Ø315 cm,3E.04.20.00.00-Sistemas Hidrosanitários - Ø315 cm,Concreto-Redondo-Coluna,Pilares estruturais,Shaft-HID-RGB 0-0-255,MG.BHZ.044-BAR-HID-MOD-001-BASxxx-R02.nwc,,
10175,10175,"3E.04.20.00.00-Sistemas Hidrosanitários - 70 x 54,3 cm","3E.04.20.00.00-Sistemas Hidrosanitários - 70 x 54,3 cm",Concreto-Viga retangular,Quadro estrutural,Shaft-HID-RGB 0-0-255,MG.BHZ.044-BAR-HID-MOD-001-BASxxx-R02.nwc,,
10187,10187,"3E.04.20.00.00-Sistemas Hidrosanitários - 80 x 73,3 cm","3E.04.20.00.00-Sistemas Hidrosanitários - 80 x 73,3 cm",Concreto-Viga retangular,Quadro estrutural,Shaft-ESG-RGB 128-64-64,MG.BHZ.044-BAR-HID-MOD-001-BASxxx-R02.nwc,,
10188,10188,"3E.04.20.00.00-Sistemas Hidrosanitários - 100 x 124,3 cm","3E.04.20.00.00-Sistemas Hidrosanitários - 100 x 124,3 cm",Concreto-Viga retangular,Quadro estrutural,Shaft-DRE-RGB 0-64-0,MG.BHZ.044-BAR-HID-MOD-001-BASxxx-R02.nwc,,
10189,10189,"3E.04.20.00.00-Sistemas Hidrosanitários - 100 x 100,03 cm","3E.04.20.00.00-Sistemas Hidrosanitários - 100 x 100,03 cm",Concreto-Viga retangular,Quadro estrutural,Shaft-DRE-RGB 0-64-0,MG.BHZ.044-BAR-HID-MOD-001-BASxxx-R02.nwc,,
10190,10190,"3E.04.20.00.00-Sistemas Hidrosanitários - 80 x 121,3 cm","3E.04.20.00.00-Sistemas Hidrosanitários - 80 x 121,3 cm",Concreto-Viga retangular,Quadro estrutural,Shaft-DRE-RGB 0-64-0,MG.BHZ.044-BAR-HID-MOD-001-BASxxx-R02.nwc,,
10248,10248,3E.04.20.00.00-Sistemas Hidrosanitários - 20 x 10 cm,3E.04.20.00.00-Sistemas Hidrosanitários - 20 x 10 cm,Concreto-Viga retangular,Quadro estrutural,Shaft-DRE-RGB 0-64-0,MG.BHZ.044-BAR-HID-MOD-001-BASxxx-R02.nwc,,
10249,10249,3E.04.20.00.00-Sistemas Hidrosanitários - 300 x 300 cm,3E.04.20.00.00-Sistemas Hidrosanitários - 300 x 300 cm,Concreto-Viga retangular,Quadro estrutural,Shaft-DRE-RGB 0-128-192,MG.BHZ.044-BAR-HID-MOD-001-BASxxx-R02.nwc,,
10435,10435,3E.04.20.00.00-Sistemas Hidrosanitários - 30 x 50 cm,3E.04.20.00.00-Sistemas Hidrosanitários - 30 x 50 cm,Concreto-Viga retangular,Quadro estrutural,Shaft-DRE-RGB 0-64-0,MG.BHZ.044-BAR-HID-MOD-001-BASxxx-R02.nwc,,
10436,10436,3E.04.20.00.00-Sistemas Hidrosanitários - 30 x 15 cm,3E.04.20.00.00-Sistemas Hidrosanitários - 30 x 15 cm,Concreto-Viga retangular,Quadro estrutural,Shaft-DRE-RGB 0-64-0,MG.BHZ.044-BAR-HID-MOD-001-BASxxx-R02.nwc,,
10441,10441,3E.04.20.00.00-Sistemas Hidrosanitários - 40 x 40 cm,3E.04.20.00.00-Sistemas Hidrosanitários - 40 x 40 cm,Concreto-Viga retangular,Quadro estrutural,Shaft-DRE-RGB 0-64-0,MG.BHZ.044-BAR-HID-MOD-001-BASxxx-R02.nwc,,
10873,10873,3E.04.20.00.00-Sistemas Hidrosanitários - 30 x 30 cm,3E.04.20.00.00-Sistemas Hidrosanitários - 30 x 30 cm,Concreto-Viga retangular,Quadro estrutural,Shaft-DRE-RGB 0-64-0,MG.BHZ.044-BAR-HID-MOD-001-BASxxx-R02.nwc,,
11116,11116,Caixa de Inspeção de Alvenaria,Caixa de Inspeção de Alvenaria,ESG_Caixa de Inspeção de Alvenaria,Peças hidrossanitárias,Caixa de Inspeção de Alvenaria,MG.BHZ.044-BAR-HID-MOD-001-BASxxx-R02.nwc,,
11122,11122,Argamassa Impermeável Rampa (Inspeção),Argamassa Impermeável Rampa (Inspeção),Argamassa Impermeável Rampa (Inspeção),Modelos genéricos,Argamassa Impermeável Rampa (Inspeção),MG.BHZ.044-BAR-HID-MOD-001-BASxxx-R02.nwc,,
11140,11140,Argamassa Impermeável (Inspeção),Argamassa Impermeável (Inspeção),Argamassa Impermeável (Inspeção),Modelos genéricos,Argamassa Impermeável (Inspeção),MG.BHZ.044-BAR-HID-MOD-001-BASxxx-R02.nwc,,
11146,11146,Revestimento Impemeabilizante (inspeção),Revestimento Impemeabilizante (inspeção),Revestimento Impemeabilizante (inspeção),Modelos genéricos,Revestimento Impemeabilizante (inspeção),MG.BHZ.044-BAR-HID-MOD-001-BASxxx-R02.nwc,,
11158,11158,3E-04-20-60-30-Sistema de Gás - 32 x 32cm,3E-04-20-60-30-Sistema de Gás - 32 x 32cm,Concreto-Viga Retangular,Quadro estrutural,3E.04.60-Sistema de Gás,MG.BHZ.044-BAR-GAS-MOD-001-GERxxx-R01.nwc,,
11815,11815,3E-04-20-60-30-Sistema de Gás - 26 x 26cm,3E-04-20-60-30-Sistema de Gás - 26 x 26cm,Concreto-Viga Retangular,Quadro estrutural,3E.04.60-Sistema de Gás,MG.BHZ.044-BAR-GAS-MOD-001-GERxxx-R01.nwc,,
11837,11837,3E-04-20-60-30-Sistema de Gás - 16 x 16cm,3E-04-20-60-30-Sistema de Gás - 16 x 16cm,Concreto-Viga Retangular,Quadro estrutural,3E.04.60-Sistema de Gás,MG.BHZ.044-BAR-GAS-MOD-001-GERxxx-R01.nwc,,
11861,11861,3E-04-20-60-30-ABRIGO DE REGULADOR DE PRESSAO,3E-04-20-60-30-ABRIGO DE REGULADOR DE PRESSAO,Concreto-Viga Retangular,Quadro estrutural,3E.04.60-Sistema de Gás,MG.BHZ.044-BAR-GAS-MOD-001-GERxxx-R01.nwc,,
12605,12605,3E-04-20-60-30-ABRIGO DE REGULADOR DE 1° ESTÁGIO,3E-04-20-60-30-ABRIGO DE REGULADOR DE 1° ESTÁGIO,Concreto-Viga Retangular,Quadro estrutural,3E.04.60-Sistema de Gás,MG.BHZ.044-BAR-GAS-MOD-001-GERxxx-R01.nwc,,
12606,12606,3E-04-20-60-30-ABRIGO DE REGULADOR DE 2° ESTÁGIO,3E-04-20-60-30-ABRIGO DE REGULADOR DE 2° ESTÁGIO,Concreto-Viga Retangular,Quadro estrutural,3E.04.60-Sistema de Gás,MG.BHZ.044-BAR-GAS-MOD-001-GERxxx-R01.nwc,,
12647,12647,Medidor de gás,Medidor de gás,Medidor de gás,Peças hidrossanitárias,Medidor de gás,MG.BHZ.044-BAR-GAS-MOD-001-GERxxx-R01.nwc,,
12648,12648,"0,45x0,70","0,45x0,70",Grelha Retangular,Terminais de ar,"0,45x0,70",MG.BHZ.044-BAR-CLI-MOD-001-GERxxx-R00.nwc,,
12649,12649,"0,79x0,74","0,79x0,74",Grelha Retangular,Terminais de ar,"0,79x0,74",MG.BHZ.044-BAR-CLI-MOD-001-GERxxx-R00.nwc,,
12650,12650,"3E.04.30-Aquecimento, Ventilação e Ar Condicionado (AVAC) - 45X70 CM","3E.04.30-Aquecimento, Ventilação e Ar Condicionado (AVAC) - 45X70 CM",Concreto-Viga retangular,Quadro estrutural,"3E.04.30-Aquecimento, Ventilação e Ar Condicionado (AVAC)",MG.BHZ.044-BAR-CLI-MOD-001-GERxxx-R00.nwc,,
12651,12651,"3E.04.30-Aquecimento, Ventilação e Ar Condicionado (AVAC) - 74x79cm","3E.04.30-Aquecimento, Ventilação e Ar Condicionado (AVAC) - 74x79cm",Concreto-Viga retangular,Quadro estrutural,"3E.04.30-Aquecimento, Ventilação e Ar Condicionado (AVAC)",MG.BHZ.044-BAR-CLI-MOD-001-GERxxx-R00.nwc,,
12653,12653,"3E.04.30-Aquecimento, Ventilação e Ar Condicionado (AVAC) - 50X70 cm","3E.04.30-Aquecimento, Ventilação e Ar Condicionado (AVAC) - 50X70 cm",Concreto-Viga retangular,Quadro estrutural,"3E.04.30-Aquecimento, Ventilação e Ar Condicionado (AVAC)",MG.BHZ.044-BAR-CLI-MOD-001-GERxxx-R00.nwc,,
12655,12655,20.000 m³/h,20.000 m³/h,EXAUSTOR,Equipamento mecânico,20.000 m³/h,MG.BHZ.044-BAR-CLI-MOD-001-GERxxx-R00.nwc,,
12656,12656,BBT - 900x810x1000,BBT - 900x810x1000,Ventilador - BBT,Equipamento mecânico,BBT - 900x810x1000,MG.BHZ.044-BAR-CLI-MOD-001-GERxxx-R00.nwc,,
12657,12657,GRELHA DE INSUFLAMENTO / EXAUSTÃO COM REGISTRO,GRELHA DE INSUFLAMENTO / EXAUSTÃO COM REGISTRO,Grelha Retangular,Terminais de ar,GRELHA DE INSUFLAMENTO / EXAUSTÃO COM REGISTRO,MG.BHZ.044-BAR-CLI-MOD-001-GERxxx-R00.nwc,,
12658,12658,"3E.04.30-Aquecimento, Ventilação e Ar Condicionado (AVAC) - 50X50MM","3E.04.30-Aquecimento, Ventilação e Ar Condicionado (AVAC) - 50X50MM",Concreto-Viga retangular,Quadro estrutural,"3E.04.30-Aquecimento, Ventilação e Ar Condicionado (AVAC)",MG.BHZ.044-BAR-CLI-MOD-001-GERxxx-R00.nwc,,
12686,12686,"3E.04.30-Aquecimento, Ventilação e Ar Condicionado (AVAC) - 20X20","3E.04.30-Aquecimento, Ventilação e Ar Condicionado (AVAC) - 20X20",Concreto-Viga retangular,Quadro estrutural,"3E.04.30-Aquecimento, Ventilação e Ar Condicionado (AVAC)",MG.BHZ.044-BAR-CLI-MOD-001-GERxxx-R00.nwc,,
12690,12690,"3E.04.30-Aquecimento, Ventilação e Ar Condicionado (AVAC) - 110X90","3E.04.30-Aquecimento, Ventilação e Ar Condicionado (AVAC) - 110X90",Concreto-Viga retangular,Quadro estrutural,"3E.04.30-Aquecimento, Ventilação e Ar Condicionado (AVAC)",MG.BHZ.044-BAR-CLI-MOD-001-GERxxx-R00.nwc,,
12703,12703,"3E.04.30-Aquecimento, Ventilação e Ar Condicionado (AVAC) - 450x90mm","3E.04.30-Aquecimento, Ventilação e Ar Condicionado (AVAC) - 450x90mm",Concreto-Retangular-Coluna,Pilares estruturais,"3E.04.30-Aquecimento, Ventilação e Ar Condicionado (AVAC)",MG.BHZ.044-BAR-CLI-MOD-001-GERxxx-R00.nwc,,
12711,12711,"3E.04.30-Aquecimento, Ventilação e Ar Condicionado (AVAC) - 70x45","3E.04.30-Aquecimento, Ventilação e Ar Condicionado (AVAC) - 70x45",Concreto-Retangular-Coluna,Pilares estruturais,"3E.04.30-Aquecimento, Ventilação e Ar Condicionado (AVAC)",MG.BHZ.044-BAR-CLI-MOD-001-GERxxx-R00.nwc,,
12712,12712,"3E.04.30-Aquecimento, Ventilação e Ar Condicionado (AVAC) - 74X79 CM","3E.04.30-Aquecimento, Ventilação e Ar Condicionado (AVAC) - 74X79 CM",Concreto-Retangular-Coluna,Pilares estruturais,"3E.04.30-Aquecimento, Ventilação e Ar Condicionado (AVAC)",MG.BHZ.044-BAR-CLI-MOD-001-GERxxx-R00.nwc,,
12713,12713,"3E.04.30-Aquecimento, Ventilação e Ar Condicionado (AVAC) - 75x45cm","3E.04.30-Aquecimento, Ventilação e Ar Condicionado (AVAC) - 75x45cm",Concreto-Retangular-Coluna,Pilares estruturais,"3E.04.30-Aquecimento, Ventilação e Ar Condicionado (AVAC)",MG.BHZ.044-BAR-CLI-MOD-001-GERxxx-R00.nwc,,
12715,12715,"3E.04.30-Aquecimento, Ventilação e Ar Condicionado (AVAC) - 110x90cm","3E.04.30-Aquecimento, Ventilação e Ar Condicionado (AVAC) - 110x90cm",Concreto-Retangular-Coluna,Pilares estruturais,"3E.04.30-Aquecimento, Ventilação e Ar Condicionado (AVAC)",MG.BHZ.044-BAR-CLI-MOD-001-GERxxx-R00.nwc,,
12884,12884,"3E.04.30-Aquecimento, Ventilação e Ar Condicionado (AVAC) - 75x40 cm","3E.04.30-Aquecimento, Ventilação e Ar Condicionado (AVAC) - 75x40 cm",Concreto-Retangular-Coluna,Pilares estruturais,"3E.04.30-Aquecimento, Ventilação e Ar Condicionado (AVAC)",MG.BHZ.044-BAR-CLI-MOD-001-GERxxx-R00.nwc,,
12941,12941,"3E.04.30-Aquecimento, Ventilação e Ar Condicionado (AVAC) - 70x40","3E.04.30-Aquecimento, Ventilação e Ar Condicionado (AVAC) - 70x40",Concreto-Retangular-Coluna,Pilares estruturais,"3E.04.30-Aquecimento, Ventilação e Ar Condicionado (AVAC)",MG.BHZ.044-BAR-CLI-MOD-001-GERxxx-R00.nwc,,
13112,13112,"3E.04.30-Aquecimento, Ventilação e Ar Condicionado (AVAC) - 65x40 cm","3E.04.30-Aquecimento, Ventilação e Ar Condicionado (AVAC) - 65x40 cm",Concreto-Retangular-Coluna,Pilares estruturais,"3E.04.30-Aquecimento, Ventilação e Ar Condicionado (AVAC)",MG.BHZ.044-BAR-CLI-MOD-001-GERxxx-R00.nwc,,
13226,13226,"3E.04.30-Aquecimento, Ventilação e Ar Condicionado (AVAC) - 60x40 cm","3E.04.30-Aquecimento, Ventilação e Ar Condicionado (AVAC) - 60x40 cm",Concreto-Retangular-Coluna,Pilares estruturais,"3E.04.30-Aquecimento, Ventilação e Ar Condicionado (AVAC)",MG.BHZ.044-BAR-CLI-MOD-001-GERxxx-R00.nwc,,
13283,13283,"3E.04.30-Aquecimento, Ventilação e Ar Condicionado (AVAC) - 60x35 cm","3E.04.30-Aquecimento, Ventilação e Ar Condicionado (AVAC) - 60x35 cm",Concreto-Retangular-Coluna,Pilares estruturais,"3E.04.30-Aquecimento, Ventilação e Ar Condicionado (AVAC)",MG.BHZ.044-BAR-CLI-MOD-001-GERxxx-R00.nwc,,
13454,13454,"3E.04.30-Aquecimento, Ventilação e Ar Condicionado (AVAC) - 50x35 cm","3E.04.30-Aquecimento, Ventilação e Ar Condicionado (AVAC) - 50x35 cm",Concreto-Retangular-Coluna,Pilares estruturais,"3E.04.30-Aquecimento, Ventilação e Ar Condicionado (AVAC)",MG.BHZ.044-BAR-CLI-MOD-001-GERxxx-R00.nwc,,
13568,13568,"3E.04.30-Aquecimento, Ventilação e Ar Condicionado (AVAC) - 50x30 cm","3E.04.30-Aquecimento, Ventilação e Ar Condicionado (AVAC) - 50x30 cm",Concreto-Retangular-Coluna,Pilares estruturais,"3E.04.30-Aquecimento, Ventilação e Ar Condicionado (AVAC)",MG.BHZ.044-BAR-CLI-MOD-001-GERxxx-R00.nwc,,
13682,13682,"3E.04.30-Aquecimento, Ventilação e Ar Condicionado (AVAC) - 40X30 CM","3E.04.30-Aquecimento, Ventilação e Ar Condicionado (AVAC) - 40X30 CM",Concreto-Retangular-Coluna,Pilares estruturais,"3E.04.30-Aquecimento, Ventilação e Ar Condicionado (AVAC)",MG.BHZ.044-BAR-CLI-MOD-001-GERxxx-R00.nwc,,
13796,13796,"3E.04.30-Aquecimento, Ventilação e Ar Condicionado (AVAC) - 35X30 CM","3E.04.30-Aquecimento, Ventilação e Ar Condicionado (AVAC) - 35X30 CM",Concreto-Retangular-Coluna,Pilares estruturais,"3E.04.30-Aquecimento, Ventilação e Ar Condicionado (AVAC)",MG.BHZ.044-BAR-CLI-MOD-001-GERxxx-R00.nwc,,
13853,13853,"3E.04.30-Aquecimento, Ventilação e Ar Condicionado (AVAC) - 35X25CM","3E.04.30-Aquecimento, Ventilação e Ar Condicionado (AVAC) - 35X25CM",Concreto-Retangular-Coluna,Pilares estruturais,"3E.04.30-Aquecimento, Ventilação e Ar Condicionado (AVAC)",MG.BHZ.044-BAR-CLI-MOD-001-GERxxx-R00.nwc,,
13910,13910,"3E.04.30-Aquecimento, Ventilação e Ar Condicionado (AVAC) - 30X25 CM","3E.04.30-Aquecimento, Ventilação e Ar Condicionado (AVAC) - 30X25 CM",Concreto-Retangular-Coluna,Pilares estruturais,"3E.04.30-Aquecimento, Ventilação e Ar Condicionado (AVAC)",MG.BHZ.044-BAR-CLI-MOD-001-GERxxx-R00.nwc,,
13947,13947,"3E.04.30-Aquecimento, Ventilação e Ar Condicionado (AVAC) - 25x25 cm","3E.04.30-Aquecimento, Ventilação e Ar Condicionado (AVAC) - 25x25 cm",Concreto-Retangular-Coluna,Pilares estruturais,"3E.04.30-Aquecimento, Ventilação e Ar Condicionado (AVAC)",MG.BHZ.044-BAR-CLI-MOD-001-GERxxx-R00.nwc,,
13971,13971,"3E.04.30-Aquecimento, Ventilação e Ar Condicionado (AVAC) - 0,315X0,834","3E.04.30-Aquecimento, Ventilação e Ar Condicionado (AVAC) - 0,315X0,834",Concreto-Viga retangular,Quadro estrutural,"3E.04.30-Aquecimento, Ventilação e Ar Condicionado (AVAC)",MG.BHZ.044-BAR-CLI-MOD-001-GERxxx-R00.nwc,,
14007,14007,"3E.04.30-Aquecimento, Ventilação e Ar Condicionado (AVAC) - 20X20 CM","3E.04.30-Aquecimento, Ventilação e Ar Condicionado (AVAC) - 20X20 CM",Concreto-Retangular-Coluna,Pilares estruturais,"3E.04.30-Aquecimento, Ventilação e Ar Condicionado (AVAC)",MG.BHZ.044-BAR-CLI-MOD-001-GERxxx-R00.nwc,,
14009,14009,"3E.04.30-Aquecimento, Ventilação e Ar Condicionado (AVAC) - 220x90mm","3E.04.30-Aquecimento, Ventilação e Ar Condicionado (AVAC) - 220x90mm",Concreto-Retangular-Coluna,Pilares estruturais,"3E.04.30-Aquecimento, Ventilação e Ar Condicionado (AVAC)",MG.BHZ.044-BAR-CLI-MOD-001-GERxxx-R00.nwc,,
14028,14028,RAV-SP180KRT-UL 2,RAV-SP180KRT-UL 2,Air_Conditioner-Split_System_Indoor-Carrier-Wall_Type,Equipamento mecânico,RAV-SP180KRT-UL 2,MG.BHZ.044-BAR-CLI-MOD-001-GERxxx-R00.nwc,,
14032,14032,"3E.04.30-Aquecimento, Ventilação e Ar Condicionado (AVAC) - 80X80MM","3E.04.30-Aquecimento, Ventilação e Ar Condicionado (AVAC) - 80X80MM",Concreto-Retangular-Coluna,Pilares estruturais,"3E.04.30-Aquecimento, Ventilação e Ar Condicionado (AVAC)",MG.BHZ.044-BAR-CLI-MOD-001-GERxxx-R00.nwc,,
14035,14035,"3E.04.30-Aquecimento, Ventilação e Ar Condicionado (AVAC) - 80X80","3E.04.30-Aquecimento, Ventilação e Ar Condicionado (AVAC) - 80X80",Concreto-Viga retangular,Quadro estrutural,"3E.04.30-Aquecimento, Ventilação e Ar Condicionado (AVAC)",MG.BHZ.044-BAR-CLI-MOD-001-GERxxx-R00.nwc,,
14044,14044,30.000 m³/h,30.000 m³/h,EXAUSTOR,Equipamento mecânico,30.000 m³/h,MG.BHZ.044-BAR-CLI-MOD-001-GERxxx-R00.nwc,,
14048,14048,Refer to Catalog,Refer to Catalog,Commercial_Heat_Trace_Chromalox_WTP-Freeze-Protection-Heat-Trace-Panel,Dispositivos elétricos,Refer to Catalog,MG.BHZ.044-BAR-CLI-MOD-001-GERxxx-R00.nwc,,
14049,14049,AWG 800x800 mm,AWG 800x800 mm,Veneziana de Exaustão,Acessórios de duto,AWG 800x800 mm,MG.BHZ.044-BAR-CLI-MOD-001-GERxxx-R00.nwc,,
14053,14053,Alarme de Parede,Alarme de Parede,SIRENE DE PAREDE - ALARME DE INCÊNDIO,Dispositivos de alarme de incêndio,Alarme de Parede,MG.BHZ.044-BAR-CLI-MOD-001-GERxxx-R00.nwc,,
14054,14054,"3E.04.30-Aquecimento, Ventilação e Ar Condicionado (AVAC) - 190x90mm","3E.04.30-Aquecimento, Ventilação e Ar Condicionado (AVAC) - 190x90mm",Concreto-Retangular-Coluna,Pilares estruturais,"3E.04.30-Aquecimento, Ventilação e Ar Condicionado (AVAC) - 190x90mm",MG.BHZ.044-BAR-CLI-MOD-001-GERxxx-R00.nwc,,
14069,14069,"3E.04.30-Aquecimento, Ventilação e Ar Condicionado (AVAC) - 10X10 2","3E.04.30-Aquecimento, Ventilação e Ar Condicionado (AVAC) - 10X10 2",Concreto-Viga retangular,Quadro estrutural,"3E.04.30-Aquecimento, Ventilação e Ar Condicionado (AVAC)",MG.BHZ.044-BAR-CLI-MOD-001-GERxxx-R00.nwc,,
14134,14134,"3E.04.30-Aquecimento, Ventilação e Ar Condicionado (AVAC) - 10x10cm","3E.04.30-Aquecimento, Ventilação e Ar Condicionado (AVAC) - 10x10cm",Concreto-Retangular-Coluna,Pilares estruturais,"3E.04.30-Aquecimento, Ventilação e Ar Condicionado (AVAC)",MG.BHZ.044-BAR-CLI-MOD-001-GERxxx-R00.nwc,,
14161,14161,RAV-SP180KRT-UL,RAV-SP180KRT-UL,Air_Conditioner-Split_System_Indoor-Carrier-Wall_Type,Equipamento mecânico,RAV-SP180KRT-UL,MG.BHZ.044-BAR-CLI-MOD-001-GERxxx-R00.nwc,,
14194,14194,"3E.04.30-Aquecimento, Ventilação e Ar Condicionado (AVAC) - 110x90mm","3E.04.30-Aquecimento, Ventilação e Ar Condicionado (AVAC) - 110x90mm",Concreto-Retangular-Coluna,Pilares estruturais,"3E.04.30-Aquecimento, Ventilação e Ar Condicionado (AVAC)",MG.BHZ.044-BAR-PRE-MOD-001-GERxxx-R00.nwc,,
14285,14285,16x40cm,16x40cm,EST_Viga_ConcretoRetangular,Quadro estrutural,@Concreto,MG.BHZ.044-BAR-EST-MOD-001-GERxxx-R02.nwc,,
14289,14289,PI-120-LajeConcreto,PI-120-LajeConcreto,Piso,Pisos,@Concreto,MG.BHZ.044-BAR-EST-MOD-001-GERxxx-R02.nwc,,
14296,14296,PI-130-LajeConcreto,PI-130-LajeConcreto,Piso,Pisos,@Concreto,MG.BHZ.044-BAR-EST-MOD-001-GERxxx-R02.nwc,,
14298,14298,16x30cm,16x30cm,EST_Pilar_ConcretoRetangular,Pilares estruturais,@Concreto,MG.BHZ.044-BAR-EST-MOD-001-GERxxx-R02.nwc,,
14379,14379,16x128cm,16x128cm,EST_Viga_ConcretoRetangular,Quadro estrutural,@Concreto,MG.BHZ.044-BAR-EST-MOD-001-GERxxx-R02.nwc,,
14385,14385,PI-110-LajeConcreto,PI-110-LajeConcreto,Piso,Pisos,@Concreto,MG.BHZ.044-BAR-EST-MOD-001-GERxxx-R02.nwc,,
14524,14524,PD,PD,EST_Escada_Complemento,Quadro estrutural,@Concreto,MG.BHZ.044-BAR-EST-MOD-001-GERxxx-R02.nwc,,
17590,17590,14x50cm,14x50cm,EST_Viga_ConcretoRetangular,Quadro estrutural,@Concreto,MG.BHZ.044-BAR-EST-MOD-001-GERxxx-R02.nwc,,
17594,17594,14x54cm,14x54cm,EST_Viga_ConcretoRetangular,Quadro estrutural,@Concreto,MG.BHZ.044-BAR-EST-MOD-001-GERxxx-R02.nwc,,
17599,17599,14x92cm,14x92cm,EST_Viga_ConcretoRetangular,Quadro estrutural,@Concreto,MG.BHZ.044-BAR-EST-MOD-001-GERxxx-R02.nwc,,
17601,17601,14x52cm,14x52cm,EST_Viga_ConcretoRetangular,Quadro estrutural,@Concreto,MG.BHZ.044-BAR-EST-MOD-001-GERxxx-R02.nwc,,
17603,17603,16x62cm,16x62cm,EST_Viga_ConcretoRetangular,Quadro estrutural,@Concreto,MG.BHZ.044-BAR-EST-MOD-001-GERxxx-R02.nwc,,
17753,17753,20x100cm,20x100cm,CON_Viga_ConcretoRetangular,Quadro estrutural,@Concreto,MG.BHZ.044-BAR-EST-MOD-001-GERxxx-R02.nwc,,
17758,17758,20x96cm,20x96cm,CON_Viga_ConcretoRetangular,Quadro estrutural,@Concreto,MG.BHZ.044-BAR-EST-MOD-001-GERxxx-R02.nwc,,
17762,17762,20xVARcm,20xVARcm,CON_Viga_ConcretoRetangular,Quadro estrutural,@Concreto,MG.BHZ.044-BAR-EST-MOD-001-GERxxx-R02.nwc,,
17764,17764,20x40cm,20x40cm,CON_Viga_ConcretoRetangular,Quadro estrutural,@Concreto,MG.BHZ.044-BAR-EST-MOD-001-GERxxx-R02.nwc,,
17765,17765,30x40cm,30x40cm,CON_Viga_ConcretoRetangular,Quadro estrutural,@Concreto,MG.BHZ.044-BAR-EST-MOD-001-GERxxx-R02.nwc,,
17782,17782,60x90cm,60x90cm,CON_Viga_ConcretoRetangular,Quadro estrutural,@Concreto,MG.BHZ.044-BAR-EST-MOD-001-GERxxx-R02.nwc,,
17784,17784,40x60cm,40x60cm,CON_Viga_ConcretoRetangular,Quadro estrutural,@Concreto,MG.BHZ.044-BAR-EST-MOD-001-GERxxx-R02.nwc,,
17785,17785,"42,5x60cm","42,5x60cm",CON_Viga_ConcretoRetangular,Quadro estrutural,@Concreto,MG.BHZ.044-BAR-EST-MOD-001-GERxxx-R02.nwc,,
17786,17786,39x60cm,39x60cm,CON_Viga_ConcretoRetangular,Quadro estrutural,@Concreto,MG.BHZ.044-BAR-EST-MOD-001-GERxxx-R02.nwc,,
17787,17787,20x60cm,20x60cm,CON_Viga_ConcretoRetangular,Quadro estrutural,@Concreto,MG.BHZ.044-BAR-EST-MOD-001-GERxxx-R02.nwc,,
17796,17796,30xXcm,30xXcm,CON_Viga_ConcretoRetangular,Quadro estrutural,@Concreto,MG.BHZ.044-BAR-EST-MOD-001-GERxxx-R02.nwc,,
17797,17797,30x60cm,30x60cm,CON_Viga_ConcretoRetangular,Quadro estrutural,@Concreto,MG.BHZ.044-BAR-EST-MOD-001-GERxxx-R02.nwc,,
17829,17829,16x188cm,16x188cm,EST_Viga_ConcretoRetangular,Quadro estrutural,@Concreto,MG.BHZ.044-BAR-EST-MOD-001-GERxxx-R02.nwc,,
17831,17831,16x100cm,16x100cm,EST_Viga_ConcretoRetangular,Quadro estrutural,@Concreto,MG.BHZ.044-BAR-EST-MOD-001-GERxxx-R02.nwc,,
17844,17844,PI-020-LajeConcreto,PI-020-LajeConcreto,Piso,Pisos,@Concreto,MG.BHZ.044-BAR-EST-MOD-001-GERxxx-R02.nwc,,
17882,17882,PI-098-LajeConcreto,PI-098-LajeConcreto,Piso,Pisos,@Concreto,MG.BHZ.044-BAR-EST-MOD-001-GERxxx-R02.nwc,,
17897,17897,PI-880-LajeConcreto,PI-880-LajeConcreto,Piso,Pisos,@Concreto,MG.BHZ.044-BAR-EST-MOD-001-GERxxx-R02.nwc,,
17919,17919,PI-400-LajeConcreto,PI-400-LajeConcreto,Piso,Pisos,@Concreto,MG.BHZ.044-BAR-EST-MOD-001-GERxxx-R02.nwc,,
17923,17923,PI-1000-LajeConcreto,PI-1000-LajeConcreto,Piso,Pisos,@Concreto,MG.BHZ.044-BAR-EST-MOD-001-GERxxx-R02.nwc,,
17926,17926,30x14cm,30x14cm,EST_Pilar_ConcretoRetangular,Pilares estruturais,@Concreto,MG.BHZ.044-BAR-EST-MOD-001-GERxxx-R02.nwc,,
17935,17935,14x39cm,14x39cm,EST_Pilar_ConcretoRetangular,Pilares estruturais,@Concreto,MG.BHZ.044-BAR-EST-MOD-001-GERxxx-R02.nwc,,
17938,17938,14x24cm,14x24cm,EST_Pilar_ConcretoRetangular,Pilares estruturais,@Concreto,MG.BHZ.044-BAR-EST-MOD-001-GERxxx-R02.nwc,,
17940,17940,14x100cm,14x100cm,EST_Pilar_ConcretoRetangular,Pilares estruturais,@Concreto,MG.BHZ.044-BAR-EST-MOD-001-GERxxx-R02.nwc,,
17949,17949,16x41cm,16x41cm,EST_Pilar_ConcretoRetangular,Pilares estruturais,@Concreto,MG.BHZ.044-BAR-EST-MOD-001-GERxxx-R02.nwc,,
18132,18132,20x35cm,20x35cm,EST_Viga_ConcretoRetangular,Quadro estrutural,@Concreto,MG.BHZ.044-BAR-EST-MOD-001-GERxxx-R02.nwc,,
18136,18136,40x40,40x40,EST_Viga_ConcretoRetangular,Quadro estrutural,@Concreto,MG.BHZ.044-BAR-EST-MOD-001-GERxxx-R02.nwc,,
18137,18137,30x58cm,30x58cm,EST_Viga_ConcretoRetangular,Quadro estrutural,@Concreto,MG.BHZ.044-BAR-EST-MOD-001-GERxxx-R02.nwc,,
18234,18234,20x120cm,20x120cm,EST_Viga_ConcretoRetangular,Quadro estrutural,@Concreto,MG.BHZ.044-BAR-EST-MOD-001-GERxxx-R02.nwc,,
18416,18416,PI-250-LajeConcreto,PI-250-LajeConcreto,Piso,Pisos,@Concreto,MG.BHZ.044-BAR-EST-MOD-001-GERxxx-R02.nwc,,
18430,18430,PI-200-LajeConcreto,PI-200-LajeConcreto,Piso,Pisos,@Concreto,MG.BHZ.044-BAR-EST-MOD-001-GERxxx-R02.nwc,,
18526,18526,60x60cm,60x60cm,CON_Pilar_ConcretoRetangular,Pilares estruturais,@Concreto,MG.BHZ.044-BAR-EST-MOD-001-GERxxx-R02.nwc,,
18541,18541,30x20cm,30x20cm,CON_Pilar_ConcretoRetangular,Pilares estruturais,@Concreto,MG.BHZ.044-BAR-EST-MOD-001-GERxxx-R02.nwc,,
18544,18544,59x16cm,59x16cm,EST_Pilar_ConcretoRetangular,Pilares estruturais,@Concreto,MG.BHZ.044-BAR-EST-MOD-001-GERxxx-R02.nwc,,
18549,18549,16x414cm,16x414cm,EST_Pilar_ConcretoRetangular,Pilares estruturais,@Concreto,MG.BHZ.044-BAR-EST-MOD-001-GERxxx-R02.nwc,,
18560,18560,25x140cm,25x140cm,EST_Pilar_ConcretoRetangular,Pilares estruturais,@Concreto,MG.BHZ.044-BAR-EST-MOD-001-GERxxx-R02.nwc,,
18572,18572,25x240cm,25x240cm,EST_Pilar_ConcretoRetangular,Pilares estruturais,@Concreto,MG.BHZ.044-BAR-EST-MOD-001-GERxxx-R02.nwc,,
18576,18576,16x220cm,16x220cm,EST_Pilar_ConcretoRetangular,Pilares estruturais,@Concreto,MG.BHZ.044-BAR-EST-MOD-001-GERxxx-R02.nwc,,
18578,18578,CON-140,CON-140,Parede básica,Paredes,@Concreto,MG.BHZ.044-BAR-EST-MOD-001-GERxxx-R02.nwc,,
19039,19039,30x45cm,30x45cm,EST_Pilar_ConcretoRetangular,Pilares estruturais,@Concreto,MG.BHZ.044-BAR-EST-MOD-001-GERxxx-R02.nwc,,
19040,19040,40x40cm,40x40cm,EST_Pilar_ConcretoRetangular,Pilares estruturais,@Concreto,MG.BHZ.044-BAR-EST-MOD-001-GERxxx-R02.nwc,,
19047,19047,20x473cm,20x473cm,EST_Pilar_ConcretoRetangular,Pilares estruturais,@Concreto,MG.BHZ.044-BAR-EST-MOD-001-GERxxx-R02.nwc,,
19051,19051,22x50cm,22x50cm,EST_Pilar_ConcretoRetangular,Pilares estruturais,@Concreto,MG.BHZ.044-BAR-EST-MOD-001-GERxxx-R02.nwc,,
19064,19064,25x265cm,25x265cm,EST_Pilar_ConcretoRetangular,Pilares estruturais,@Concreto,MG.BHZ.044-BAR-EST-MOD-001-GERxxx-R02.nwc,,
19072,19072,20x414cm,20x414cm,EST_Pilar_ConcretoRetangular,Pilares estruturais,@Concreto,MG.BHZ.044-BAR-EST-MOD-001-GERxxx-R02.nwc,,
19073,19073,"22,5x220cm","22,5x220cm",EST_Pilar_ConcretoRetangular,Pilares estruturais,@Concreto,MG.BHZ.044-BAR-EST-MOD-001-GERxxx-R02.nwc,,
19075,19075,20x220cm,20x220cm,EST_Pilar_ConcretoRetangular,Pilares estruturais,@Concreto,MG.BHZ.044-BAR-EST-MOD-001-GERxxx-R02.nwc,,
19080,19080,25x60cm,25x60cm,EST_Pilar_ConcretoRetangular,Pilares estruturais,@Concreto,MG.BHZ.044-BAR-EST-MOD-001-GERxxx-R02.nwc,,
19112,19112,20x30cm,20x30cm,EST_Pilar_ConcretoRetangular,Pilares estruturais,@Concreto,MG.BHZ.044-BAR-EST-MOD-001-GERxxx-R02.nwc,,
19113,19113,25x30cm,25x30cm,EST_Pilar_ConcretoRetangular,Pilares estruturais,@Concreto,MG.BHZ.044-BAR-EST-MOD-001-GERxxx-R02.nwc,,
19115,19115,25x50cm,25x50cm,EST_Pilar_ConcretoRetangular,Pilares estruturais,@Concreto,MG.BHZ.044-BAR-EST-MOD-001-GERxxx-R02.nwc,,
19122,19122,CON-300,CON-300,Parede básica,Paredes,@Concreto,MG.BHZ.044-BAR-EST-MOD-001-GERxxx-R02.nwc,,
19126,19126,PI-300-LajeConcreto,PI-300-LajeConcreto,Piso,Pisos,@Concreto,MG.BHZ.044-BAR-EST-MOD-001-GERxxx-R02.nwc,,
19130,19130,19x134cm,19x134cm,EST_Viga_ConcretoRetangular,Quadro estrutural,@Concreto,MG.BHZ.044-BAR-EST-MOD-001-GERxxx-R02.nwc,,
19144,19144,45x48cm,45x48cm,EST_Viga_ConcretoRetangular,Quadro estrutural,@Concreto,MG.BHZ.044-BAR-EST-MOD-001-GERxxx-R02.nwc,,
19158,19158,PI-140-LajeConcreto,PI-140-LajeConcreto,Piso,Pisos,@Concreto,MG.BHZ.044-BAR-EST-MOD-001-GERxxx-R02.nwc,,
19611,19611,47x220cm,47x220cm,EST_Pilar_ConcretoRetangular,Pilares estruturais,@Concreto,MG.BHZ.044-BAR-EST-MOD-001-GERxxx-R02.nwc,,
19612,19612,14x30cm,14x30cm,EST_Pilar_ConcretoRetangular,Pilares estruturais,@Concreto,MG.BHZ.044-BAR-EST-MOD-001-GERxxx-R02.nwc,,
19662,19662,19x30cm,19x30cm,EST_Pilar_ConcretoRetangular,Pilares estruturais,@Concreto,MG.BHZ.044-BAR-EST-MOD-001-GERxxx-R02.nwc,,
19743,19743,40x50cm,40x50cm,EST_Pilar_ConcretoRetangular,Pilares estruturais,@Concreto,MG.BHZ.044-BAR-EST-MOD-001-GERxxx-R02.nwc,,
19747,19747,52x414cm,52x414cm,EST_Pilar_ConcretoRetangular,Pilares estruturais,@Concreto,MG.BHZ.044-BAR-EST-MOD-001-GERxxx-R02.nwc,,
19748,19748,30x70cm,30x70cm,EST_Pilar_ConcretoRetangular,Pilares estruturais,@Concreto,MG.BHZ.044-BAR-EST-MOD-001-GERxxx-R02.nwc,,
19749,19749,40x414cm,40x414cm,EST_Pilar_ConcretoRetangular,Pilares estruturais,@Concreto,MG.BHZ.044-BAR-EST-MOD-001-GERxxx-R02.nwc,,
19754,19754,52x80cm,52x80cm,EST_Pilar_ConcretoRetangular,Pilares estruturais,@Concreto,MG.BHZ.044-BAR-EST-MOD-001-GERxxx-R02.nwc,,
19755,19755,45x45cm,45x45cm,EST_Pilar_ConcretoRetangular,Pilares estruturais,@Concreto,MG.BHZ.044-BAR-EST-MOD-001-GERxxx-R02.nwc,,
19768,19768,42x60cm,42x60cm,EST_Pilar_ConcretoRetangular,Pilares estruturais,@Concreto,MG.BHZ.044-BAR-EST-MOD-001-GERxxx-R02.nwc,,
19769,19769,45x60cm,45x60cm,EST_Pilar_ConcretoRetangular,Pilares estruturais,@Concreto,MG.BHZ.044-BAR-EST-MOD-001-GERxxx-R02.nwc,,
19770,19770,35x140cm,35x140cm,EST_Pilar_ConcretoRetangular,Pilares estruturais,@Concreto,MG.BHZ.044-BAR-EST-MOD-001-GERxxx-R02.nwc,,
19772,19772,40x140cm,40x140cm,EST_Pilar_ConcretoRetangular,Pilares estruturais,@Concreto,MG.BHZ.044-BAR-EST-MOD-001-GERxxx-R02.nwc,,
19777,19777,30x140cm,30x140cm,EST_Pilar_ConcretoRetangular,Pilares estruturais,@Concreto,MG.BHZ.044-BAR-EST-MOD-001-GERxxx-R02.nwc,,
19778,19778,35x265cm,35x265cm,EST_Pilar_ConcretoRetangular,Pilares estruturais,@Concreto,MG.BHZ.044-BAR-EST-MOD-001-GERxxx-R02.nwc,,
19780,19780,30x240cm,30x240cm,EST_Pilar_ConcretoRetangular,Pilares estruturais,@Concreto,MG.BHZ.044-BAR-EST-MOD-001-GERxxx-R02.nwc,,
19786,19786,25x220cm,25x220cm,EST_Pilar_ConcretoRetangular,Pilares estruturais,@Concreto,MG.BHZ.044-BAR-EST-MOD-001-GERxxx-R02.nwc,,
19787,19787,40x80cm,40x80cm,EST_Pilar_ConcretoRetangular,Pilares estruturais,@Concreto,MG.BHZ.044-BAR-EST-MOD-001-GERxxx-R02.nwc,,
19840,19840,CON-200,CON-200,Parede básica,Paredes,@Concreto,MG.BHZ.044-BAR-EST-MOD-001-GERxxx-R02.nwc,,
20041,20041,Concreto Magro -10cm,Concreto Magro -10cm,Laje de fundação,Fundações estruturais,Concreto - Moldado in loco,MG.BHZ.044-BAR-EST-MOD-001-GERxxx-R02.nwc,,
20089,20089,S6-250x330/100cm,S6-250x330/100cm,FUN_Sapata_PiramidalDescentralizada,Fundações estruturais,@Concreto,MG.BHZ.044-BAR-EST-MOD-001-GERxxx-R02.nwc,,
20106,20106,S4-315x853/130cm,S4-315x853/130cm,FUN_Sapata_PiramidalRecorte,Fundações estruturais,@Concreto,MG.BHZ.044-BAR-EST-MOD-001-GERxxx-R02.nwc,,
20109,20109,S11-240x280/100cm,S11-240x280/100cm,FUN_Sapata_ CubicaPiramidal,Fundações estruturais,@Concreto,MG.BHZ.044-BAR-EST-MOD-001-GERxxx-R02.nwc,,
20113,20113,S7-190x370/60cm,S7-190x370/60cm,FUN_Sapata_ CubicaPiramidal,Fundações estruturais,@Concreto,MG.BHZ.044-BAR-EST-MOD-001-GERxxx-R02.nwc,,
20114,20114,S2-250x849/110cm,S2-250x849/110cm,FUN_Sapata_ CubicaPiramidal,Fundações estruturais,@Concreto,MG.BHZ.044-BAR-EST-MOD-001-GERxxx-R02.nwc,,
20117,20117,S3-250x828/110cm,S3-250x828/110cm,FUN_Sapata_ CubicaPiramidal,Fundações estruturais,@Concreto,MG.BHZ.044-BAR-EST-MOD-001-GERxxx-R02.nwc,,
20119,20119,S1A-390x240/140cm,S1A-390x240/140cm,FUN_Sapata_ CubicaPiramidal,Fundações estruturais,@Concreto,MG.BHZ.044-BAR-EST-MOD-001-GERxxx-R02.nwc,,
20120,20120,S1-330x240/140cm,S1-330x240/140cm,FUN_Sapata_ CubicaPiramidal,Fundações estruturais,@Concreto,MG.BHZ.044-BAR-EST-MOD-001-GERxxx-R02.nwc,,
20121,20121,S5-295x664/130cm,S5-295x664/130cm,FUN_Sapata_ CubicaPiramidal,Fundações estruturais,@Concreto,MG.BHZ.044-BAR-EST-MOD-001-GERxxx-R02.nwc,,
20150,20150,S10-210x210/85cm,S10-210x210/85cm,FUN_Sapata_ CubicaPiramidal,Fundações estruturais,@Concreto,MG.BHZ.044-BAR-EST-MOD-001-GERxxx-R02.nwc,,
20153,20153,13cm,13cm,Patamar monolítico,Patamares,@Concreto,MG.BHZ.044-BAR-EST-MOD-001-GERxxx-R02.nwc,,
21206,21206,ARANDELA COMO RECURSO DE ILUMINAÇÃO 100VA/127 P ILUMINAÇÃO POÇO ELEVADOR 2X4,ARANDELA COMO RECURSO DE ILUMINAÇÃO 100VA/127 P ILUMINAÇÃO POÇO ELEVADOR 2X4,PADRAO_ELE_Caixa_Passagem_Parede_Caixa_4x2,Dispositivos elétricos,ARANDELA COMO RECURSO DE ILUMINAÇÃO 100VA/127 P ILUMINAÇÃO POÇO ELEVADOR 2X4,MG.BHZ.044-BAR-ELE-MOD-002-TIPxxx-R02.nwc,,
21209,21209,1 INTERRUPTOR SIMPLES + 2INTERRUPTOR PARALELO (TREE WAY) EM CAIXA 2X4,1 INTERRUPTOR SIMPLES + 2INTERRUPTOR PARALELO (TREE WAY) EM CAIXA 2X4,PADRAO_ELE_Caixa_Passagem_Parede_Caixa_4x2,Dispositivos elétricos,1 INTERRUPTOR SIMPLES + 2INTERRUPTOR PARALELO (TREE WAY) EM CAIXA 2X4,MG.BHZ.044-BAR-ELE-MOD-002-TIPxxx-R02.nwc,,
21212,21212,ARANDELA 2X4,ARANDELA 2X4,PADRAO_ELE_Caixa_Passagem_Parede_Caixa_4x2,Dispositivos elétricos,ARANDELA 2X4,MG.BHZ.044-BAR-ELE-MOD-002-TIPxxx-R02.nwc,,
21215,21215,CIGARRA DE CAMPAINHA ATENDIDA POR CAIXA 2X4,CIGARRA DE CAMPAINHA ATENDIDA POR CAIXA 2X4,PADRAO_ELE_Caixa_Passagem_Parede_Caixa_4x2,Dispositivos elétricos,CIGARRA DE CAMPAINHA ATENDIDA POR CAIXA 2X4,MG.BHZ.044-BAR-ELE-MOD-002-TIPxxx-R02.nwc,,
21222,21222,INTERRUPTOR PULSADOR  P/ CAMPAINHA  EM CAIXA 2X4,INTERRUPTOR PULSADOR  P/ CAMPAINHA  EM CAIXA 2X4,PADRAO_ELE_Caixa_Passagem_Parede_Caixa_4x2,Dispositivos elétricos,INTERRUPTOR PULSADOR  P/ CAMPAINHA  EM CAIXA 2X4,MG.BHZ.044-BAR-ELE-MOD-002-TIPxxx-R02.nwc,,
21249,21249,TOMADA 2P+T-10A EM CAIXA 2X4,TOMADA 2P+T-10A EM CAIXA 2X4,PADRAO_ELE_Tomada_2P+T_Conjunto_4x2,Dispositivos elétricos,TOMADA 2P+T-10A EM CAIXA 2X4,MG.BHZ.044-BAR-ELE-MOD-002-TIPxxx-R02.nwc,,
21427,21427,f. 1 Tom. 2P+T 10A + 1 Tom. 2P+T 20A (com 1 módulo vermelho),f. 1 Tom. 2P+T 10A + 1 Tom. 2P+T 20A (com 1 módulo vermelho),PADRAO_ELE_A2_Tomadas_2P+T_Conjunto_4x2,Dispositivos elétricos,f. 1 Tom. 2P+T 10A + 1 Tom. 2P+T 20A (com 1 módulo vermelho),MG.BHZ.044-BAR-ELE-MOD-002-TIPxxx-R02.nwc,,
21459,21459,2 TOMADAS 2P+T-20 EM CAIXA 2X4,2 TOMADAS 2P+T-20 EM CAIXA 2X4,PADRAO_ELE_A2_Tomadas_2P+T_Conjunto_4x2,Dispositivos elétricos,2 TOMADAS 2P+T-20 EM CAIXA 2X4,MG.BHZ.044-BAR-ELE-MOD-002-TIPxxx-R02.nwc,,
21475,21475,TOMADA USB EM CAIXA 2X4 E TOMADA 2PT-10EM CAIXA 2X4,TOMADA USB EM CAIXA 2X4 E TOMADA 2PT-10EM CAIXA 2X4,PADRAO_ELE_A2_Tomadas_2P+T_Conjunto_4x2,Dispositivos elétricos,TOMADA USB EM CAIXA 2X4 E TOMADA 2PT-10EM CAIXA 2X4,MG.BHZ.044-BAR-ELE-MOD-002-TIPxxx-R02.nwc,,
21527,21527,INTERRUPTOR SIMPLES EM CAIXA 2X4,INTERRUPTOR SIMPLES EM CAIXA 2X4,PADRAO_ELE_1.e_1_Tomada+1_Interruptor_Conjunto_4x2,Dispositivos elétricos,INTERRUPTOR SIMPLES EM CAIXA 2X4,MG.BHZ.044-BAR-ELE-MOD-002-TIPxxx-R02.nwc,,
21531,21531,INTERRUPTOR SIMPLES EM CAIXA 2X4 PARA DRYWALL,INTERRUPTOR SIMPLES EM CAIXA 2X4 PARA DRYWALL,PADRAO_ELE_1.e_1_Tomada+1_Interruptor_Conjunto_4x2,Dispositivos elétricos,INTERRUPTOR SIMPLES EM CAIXA 2X4 PARA DRYWALL,MG.BHZ.044-BAR-ELE-MOD-002-TIPxxx-R02.nwc,,
22064,22064,ARANDELA COMO RECURSO DE ILUMINAÇÃO 100VA/127 P ILUMINAÇÃO 2X4,ARANDELA COMO RECURSO DE ILUMINAÇÃO 100VA/127 P ILUMINAÇÃO 2X4,PADRAO_ELE_Caixa_Passagem_Parede_Caixa_4x2,Dispositivos elétricos,ARANDELA COMO RECURSO DE ILUMINAÇÃO 100VA/127 P ILUMINAÇÃO 2X4,MG.BHZ.044-BAR-ELE-MOD-002-TIPxxx-R02.nwc,,
57008,57008,CAIXA POLAR PARA AR CONDICONADO,CAIXA POLAR PARA AR CONDICONADO,Concreto-Viga Retangular,Quadro estrutural,3E.04.50-Sistema Elétrico,MG.BHZ.044-BAR-ELE-MOD-002-TIPxxx-R02.nwc,,
64489,64489,"3E.04.20.00.00-Sistemas Hidrosanitários - 8,5 x 8,5 cm","3E.04.20.00.00-Sistemas Hidrosanitários - 8,5 x 8,5 cm",Concreto-Viga retangular,Quadro estrutural,3E.04.20.00.00-Sistemas Hidrosanitários,MG.BHZ.044-BAR-HID-MOD-002-TIPxxx-R01.nwc,,
64622,64622,3E.04.20.00.00-Sistemas Hidrosanitários - Ø319 cm,3E.04.20.00.00-Sistemas Hidrosanitários - Ø319 cm,Concreto-Redondo-Coluna,Pilares estruturais,3E.04.20.00.00-Sistemas Hidrosanitários,MG.BHZ.044-BAR-HID-MOD-002-TIPxxx-R01.nwc,,
65689,65689,"3E.04.20.00.00-Sistemas Hidrosanitários - 12,5 x 12,5 cm","3E.04.20.00.00-Sistemas Hidrosanitários - 12,5 x 12,5 cm",Concreto-Retangular-Coluna,Pilares estruturais,3E.04.20.00.00-Sistemas Hidrosanitários - ESGOTO,MG.BHZ.044-BAR-HID-MOD-002-TIPxxx-R01.nwc,,
90585,90585,Prioridade Baixa,Prioridade Baixa,Bolha de Clash,Modelos genéricos,Prioridade Baixa,MG.BHZ.044-BAR-FED-MOD-001-BUB-R0307.nwc,,
90758,90758,Prioridade Média,Prioridade Média,Bolha de Clash,Modelos genéricos,Prioridade Média,MG.BHZ.044-BAR-FED-MOD-001-BUB-R0307.nwc,,
90894,90894,Prioridade Alta,Prioridade Alta,Bolha de Clash,Modelos genéricos,Prioridade Alta,MG.BHZ.044-BAR-FED-MOD-001-BUB-R0307.nwc,,
90922,90922,"GE-01-32,5x12,5","GE-01-32,5x12,5",ARQ_Janela_Grelha_1F,Janelas,"GE-01-32,5x12,5",MG.BHZ.044-BAR-ARQ-MOD-000-TIPxxx.nwc,,
90923,90923,"GI-01-32,5x12,5","GI-01-32,5x12,5",ARQ_Janela_Grelha_1F,Janelas,"GI-01-32,5x12,5",MG.BHZ.044-BAR-ARQ-MOD-000-TIPxxx.nwc,,
90924,90924,L 5x5cm,L 5x5cm,ARQ_Junta Dilatacao,Quadro estrutural,L 5x5cm,MG.BHZ.044-BAR-ARQ-MOD-000-TIPxxx.nwc,,
90926,90926,P13-150x235,P13-150x235,ARQ_Porta_Aluminio_1F_Abrir_VidroFixo,Portas,P13-150x235,MG.BHZ.044-BAR-ARQ-MOD-000-TIPxxx.nwc,,
90928,90928,80x210,80x210,ARQ_Porta_Aço_2F_Elevador,Portas,80x210,MG.BHZ.044-BAR-ARQ-MOD-000-TIPxxx.nwc,,
90932,90932,PCF01B-80x210,PCF01B-80x210,ARQ_Porta_PCF_1F_Abrir_PC,Portas,PCF01B-80x210,MG.BHZ.044-BAR-ARQ-MOD-000-TIPxxx.nwc,,
90933,90933,"P06-159,5x235","P06-159,5x235",ARQ_Porta_Aluminio_2F_Correr,Portas,"P06-159,5x235",MG.BHZ.044-BAR-ARQ-MOD-000-TIPxxx.nwc,,
90939,90939,P02B-80x210,P02B-80x210,ARQ_Porta_Madeira_1F_Abrir,Portas,P02B-80x210,MG.BHZ.044-BAR-ARQ-MOD-000-TIPxxx.nwc,,
90941,90941,P02C-80x210,P02C-80x210,ARQ_Porta_Madeira_1F_Abrir,Portas,P02C-80x210,MG.BHZ.044-BAR-ARQ-MOD-000-TIPxxx.nwc,,
90943,90943,P02D-80x210,P02D-80x210,ARQ_Porta_Madeira_1F_Abrir,Portas,P02D-80x210,MG.BHZ.044-BAR-ARQ-MOD-000-TIPxxx.nwc,,
90949,90949,P01B-70x210,P01B-70x210,ARQ_Porta_Madeira_1F_Abrir,Portas,P01B-70x210,MG.BHZ.044-BAR-ARQ-MOD-000-TIPxxx.nwc,,
90958,90958,P01A-70x210,P01A-70x210,ARQ_Porta_Madeira_1F_Abrir,Portas,P01A-70x210,MG.BHZ.044-BAR-ARQ-MOD-000-TIPxxx.nwc,,
90973,90973,P01C-70x210,P01C-70x210,ARQ_Porta_Madeira_1F_Abrir,Portas,P01C-70x210,MG.BHZ.044-BAR-ARQ-MOD-000-TIPxxx.nwc,,
90977,90977,P02A-80x210,P02A-80x210,ARQ_Porta_Madeira_1F_Abrir,Portas,P02A-80x210,MG.BHZ.044-BAR-ARQ-MOD-000-TIPxxx.nwc,,
90984,90984,Granito Cinza,Granito Cinza,ARQ_Soleira,Modelos genéricos,Granito Cinza,MG.BHZ.044-BAR-ARQ-MOD-000-TIPxxx.nwc,,
91081,91081,PI05-010-PisoLaminadoHall,PI05-010-PisoLaminadoHall,Piso,Pisos,Fase - Existente,MG.BHZ.044-BAR-ARQ-MOD-000-TIPxxx.nwc,,
91083,91083,PI-130-LajeConcreto-REF,PI-130-LajeConcreto-REF,Piso,Pisos,Fase - Existente,MG.BHZ.044-BAR-ARQ-MOD-000-TIPxxx.nwc,,
91085,91085,PI-110-LajeConcreto-REF,PI-110-LajeConcreto-REF,Piso,Pisos,Fase - Existente,MG.BHZ.044-BAR-ARQ-MOD-000-TIPxxx.nwc,,
91109,91109,PI06-001-PisoEscada,PI06-001-PisoEscada,Piso,Pisos,Fase - Existente,MG.BHZ.044-BAR-ARQ-MOD-000-TIPxxx.nwc,,
91110,91110,PI03-035-Porcelanato60x60cm_Cinza,PI03-035-Porcelanato60x60cm_Cinza,Piso,Pisos,Fase - Existente,MG.BHZ.044-BAR-ARQ-MOD-000-TIPxxx.nwc,,
91118,91118,PI03-040-Porcelanato60x60cm_Cinza,PI03-040-Porcelanato60x60cm_Cinza,Piso,Pisos,Fase - Existente,MG.BHZ.044-BAR-ARQ-MOD-000-TIPxxx.nwc,,
91169,91169,M05-Acabamento Registro,M05-Acabamento Registro,ARQ_AcabamentoRegistro,Peças hidrossanitárias,M05-Acabamento Registro,MG.BHZ.044-BAR-ARQ-MOD-000-TIPxxx.nwc,,
91209,91209,M09,M09,ARQ_BancoArticulado,Peças hidrossanitárias,M09,MG.BHZ.044-BAR-ARQ-MOD-000-TIPxxx.nwc,,
91213,91213,L03-Lavatorio Suspenso,L03-Lavatorio Suspenso,ARQ_Lavatorio_PCD,Peças hidrossanitárias,L03-Lavatorio Suspenso,MG.BHZ.044-BAR-ARQ-MOD-000-TIPxxx.nwc,,
91215,91215,L05-Lavatorio de Canto,L05-Lavatorio de Canto,ARQ_Lavatorio_Canto,Peças hidrossanitárias,L05-Lavatorio de Canto,MG.BHZ.044-BAR-ARQ-MOD-000-TIPxxx.nwc,,
91217,91217,M15-PCD 0863-Regulador,M15-PCD 0863-Regulador,ARQ_Torneira_Banheiro_PCD,Peças hidrossanitárias,M15-PCD 0863-Regulador,MG.BHZ.044-BAR-ARQ-MOD-000-TIPxxx.nwc,,
91223,91223,L02-Tanque Sintetico,L02-Tanque Sintetico,ARQ_Tanque_Sintetico,Peças hidrossanitárias,L02-Tanque Sintetico,MG.BHZ.044-BAR-ARQ-MOD-000-TIPxxx.nwc,,
91232,91232,M13-Bica Alta C-36-Regulador,M13-Bica Alta C-36-Regulador,ARQ_Torneira_AS,Peças hidrossanitárias,M13-Bica Alta C-36-Regulador,MG.BHZ.044-BAR-ARQ-MOD-000-TIPxxx.nwc,,
91239,91239,CA01-Carenagem-Semi-circular-55cm,CA01-Carenagem-Semi-circular-55cm,ARQ_Carenagem,Peças hidrossanitárias,CA01-Carenagem-Semi-circular-55cm,MG.BHZ.044-BAR-ARQ-MOD-000-TIPxxx.nwc,,
91256,91256,Chuveiro Eletrico,Chuveiro Eletrico,ARQ_Chuveiro,Peças hidrossanitárias,Chuveiro Eletrico,MG.BHZ.044-BAR-ARQ-MOD-000-TIPxxx.nwc,,
91283,91283,M01-Bica Alta C-36-Regulador,M01-Bica Alta C-36-Regulador,ARQ_Torneira_Banheiro,Peças hidrossanitárias,M01-Bica Alta C-36-Regulador,MG.BHZ.044-BAR-ARQ-MOD-000-TIPxxx.nwc,,
91296,91296,L04-Bacia Sanitaria Monobloco PCD,L04-Bacia Sanitaria Monobloco PCD,ARQ_Bacia_Sanitaria_Caixa_Acoplada,Peças hidrossanitárias,L04-Bacia Sanitaria Monobloco PCD,MG.BHZ.044-BAR-ARQ-MOD-000-TIPxxx.nwc,,
91300,91300,M06-80cm,M06-80cm,ARQ_BarradeApoioLateralArticulada,Peças hidrossanitárias,M06-80cm,MG.BHZ.044-BAR-ARQ-MOD-000-TIPxxx.nwc,,
91304,91304,M17-70cm,M17-70cm,ARQ_Barra_PCD,Peças hidrossanitárias,M17-70cm,MG.BHZ.044-BAR-ARQ-MOD-000-TIPxxx.nwc,,
91312,91312,M08-40cm,M08-40cm,ARQ_Barra_PCD,Peças hidrossanitárias,M08-40cm,MG.BHZ.044-BAR-ARQ-MOD-000-TIPxxx.nwc,,
91317,91317,M07-80cm,M07-80cm,ARQ_Barra_PCD,Peças hidrossanitárias,M07-80cm,MG.BHZ.044-BAR-ARQ-MOD-000-TIPxxx.nwc,,
91325,91325,L01-Bacia Sanitaria Monobloco,L01-Bacia Sanitaria Monobloco,ARQ_Bacia_Sanitaria_Caixa_Acoplada,Peças hidrossanitárias,L01-Bacia Sanitaria Monobloco,MG.BHZ.044-BAR-ARQ-MOD-000-TIPxxx.nwc,,
91337,91337,10x10cm,10x10cm,ARQ_RaloSifonado,Peças hidrossanitárias,10x10cm,MG.BHZ.044-BAR-ARQ-MOD-000-TIPxxx.nwc,,
91386,91386,RE05-001-PinturaCal_Parede,RE05-001-PinturaCal_Parede,Parede básica,Paredes,Fase - Existente,MG.BHZ.044-BAR-ARQ-MOD-000-TIPxxx.nwc,,
91402,91402,R04-RodapeEscada,R04-RodapeEscada,Parede básica,Paredes,Fase - Existente,MG.BHZ.044-BAR-ARQ-MOD-000-TIPxxx.nwc,,
91413,91413,RE08-002-PinturaCinzaClaroTexturizada_Acrilica_Massa,RE08-002-PinturaCinzaClaroTexturizada_Acrilica_Massa,Parede básica,Paredes,Fase - Existente,MG.BHZ.044-BAR-ARQ-MOD-000-TIPxxx.nwc,,
91426,91426,FA01-002-PinturaBrancoNeve_Acrilica_Massa,FA01-002-PinturaBrancoNeve_Acrilica_Massa,Parede básica,Paredes,Fase - Existente,MG.BHZ.044-BAR-ARQ-MOD-000-TIPxxx.nwc,,
91497,91497,XX-160-FechamentoElevador,XX-160-FechamentoElevador,Parede básica,Paredes,Fase - Existente,MG.BHZ.044-BAR-ARQ-MOD-000-TIPxxx.nwc,,
91501,91501,PC-100-Osso/ParedeConcreto/Osso-REF,PC-100-Osso/ParedeConcreto/Osso-REF,Parede básica,Paredes,Fase - Existente,MG.BHZ.044-BAR-ARQ-MOD-000-TIPxxx.nwc,,
91502,91502,DW-100-PlacaRU/DW70/PlacaRU,DW-100-PlacaRU/DW70/PlacaRU,Parede básica,Paredes,@GessoAcartonadoRU,MG.BHZ.044-BAR-ARQ-MOD-000-TIPxxx.nwc,,
91515,91515,DW-100-PlacaRU/DW70/PlacaST,DW-100-PlacaRU/DW70/PlacaST,Parede básica,Paredes,Fase - Demo,MG.BHZ.044-BAR-ARQ-MOD-000-TIPxxx.nwc,,
91558,91558,DW-100-PlacaST/DW70/PlacaST,DW-100-PlacaST/DW70/PlacaST,Parede básica,Paredes,Fase - Existente,MG.BHZ.044-BAR-ARQ-MOD-000-TIPxxx.nwc,,
91597,91597,RE01-010-Ceramico7x25cm-Cozinha,RE01-010-Ceramico7x25cm-Cozinha,Parede básica,Paredes,Fase - Existente,MG.BHZ.044-BAR-ARQ-MOD-000-TIPxxx.nwc,,
91621,91621,DW-012-PlacaRU,DW-012-PlacaRU,Parede básica,Paredes,Fase - Existente,MG.BHZ.044-BAR-ARQ-MOD-000-TIPxxx.nwc,,
91629,91629,"RE02-010-Ceramico33,5x60cm_Banheiro","RE02-010-Ceramico33,5x60cm_Banheiro",Parede básica,Paredes,Fase - Existente,MG.BHZ.044-BAR-ARQ-MOD-000-TIPxxx.nwc,,
91715,91715,SH01-030-PlacaRU_Shaft,SH01-030-PlacaRU_Shaft,Parede básica,Paredes,Fase - Existente,MG.BHZ.044-BAR-ARQ-MOD-000-TIPxxx.nwc,,
91788,91788,SH02-030-PlacaST_Shaft,SH02-030-PlacaST_Shaft,Parede básica,Paredes,Fase - Existente,MG.BHZ.044-BAR-ARQ-MOD-000-TIPxxx.nwc,,
91799,91799,DW-012-PlacaST,DW-012-PlacaST,Parede básica,Paredes,@GessoAcartonadoST,MG.BHZ.044-BAR-ARQ-MOD-000-TIPxxx.nwc,,
91813,91813,PC-160-Osso/ParedeConcreto/Osso-REF,PC-160-Osso/ParedeConcreto/Osso-REF,Parede básica,Paredes,Fase - Existente,MG.BHZ.044-BAR-ARQ-MOD-000-TIPxxx.nwc,,
91868,91868,PC-160-Osso/ParedeConcreto/Osso-EXT-REF,PC-160-Osso/ParedeConcreto/Osso-EXT-REF,Parede básica,Paredes,@Concreto,MG.BHZ.044-BAR-ARQ-MOD-000-TIPxxx.nwc,,
91947,91947,R02-MDF-5cm,R02-MDF-5cm,Moldura de parede,Molduras de parede,Fase - Existente,MG.BHZ.044-BAR-ARQ-MOD-000-TIPxxx.nwc,,
91951,91951,R01-Porcelanato_Cinza-5cm,R01-Porcelanato_Cinza-5cm,Moldura de parede,Molduras de parede,Fase - Existente,MG.BHZ.044-BAR-ARQ-MOD-000-TIPxxx.nwc,,
92121,92121,SINALIZAÇÃO,SINALIZAÇÃO,ARQ_Smb_PCD_Escada,Modelos genéricos,SINALIZAÇÃO,MG.BHZ.044-BAR-ARQ-MOD-000-TIPxxx.nwc,,
92123,92123,Tartaruga_PVC_7W,Tartaruga_PVC_7W,ARQ_Luminaria_ArandelaSimples,Luminárias,Tartaruga_PVC_7W,MG.BHZ.044-BAR-ARQ-MOD-000-TIPxxx.nwc,,
92134,92134,Parede,Parede,ARQ_BlocoAutonomo,Luminárias,Parede,MG.BHZ.044-BAR-ARQ-MOD-000-TIPxxx.nwc,,
92139,92139,21W_30x30_Romalux,21W_30x30_Romalux,ARQ_Luminaria_Plafon_Sobrepor,Luminárias,21W_30x30_Romalux,MG.BHZ.044-BAR-ARQ-MOD-000-TIPxxx.nwc,,
92140,92140,7W_11x11_Romalux,7W_11x11_Romalux,ARQ_Luminaria_Plafon_Embutir,Luminárias,7W_11x11_Romalux,MG.BHZ.044-BAR-ARQ-MOD-000-TIPxxx.nwc,,
92152,92152,DCF-01B-20x20,DCF-01B-20x20,ARQ_Janela_Dumper_SemHost,Janelas,DCF-01B-20x20,MG.BHZ.044-BAR-ARQ-MOD-000-TIPxxx.nwc,,
92154,92154,"J15-52,5x32,5","J15-52,5x32,5",ARQ_Janela_Aluminio_1F_Veneziana_Trox,Janelas,"J15-52,5x32,5",MG.BHZ.044-BAR-ARQ-MOD-000-TIPxxx.nwc,,
92155,92155,"J26-113,5x149,5","J26-113,5x149,5",ARQ_Janela_Aluminio_2F_Maximar_Bandeira,Janelas,"J26-113,5x149,5",MG.BHZ.044-BAR-ARQ-MOD-000-TIPxxx.nwc,,
92156,92156,"J12-134,5x149,5","J12-134,5x149,5",ARQ_Janela_Aluminio_2F_Correr_Bandeira,Janelas,"J12-134,5x149,5",MG.BHZ.044-BAR-ARQ-MOD-000-TIPxxx.nwc,,
92159,92159,"J11-94,5x149,5","J11-94,5x149,5",ARQ_Janela_Aluminio_2F_Correr_Bandeira,Janelas,"J11-94,5x149,5",MG.BHZ.044-BAR-ARQ-MOD-000-TIPxxx.nwc,,
92161,92161,"J13-119,5x149,5","J13-119,5x149,5",ARQ_Janela_Aluminio_2F_Correr_Bandeira,Janelas,"J13-119,5x149,5",MG.BHZ.044-BAR-ARQ-MOD-000-TIPxxx.nwc,,
92163,92163,"J03-95,5x151,5","J03-95,5x151,5",ARQ_Janela_Aluminio_2F_Correr_Bandeira,Janelas,"J03-95,5x151,5",MG.BHZ.044-BAR-ARQ-MOD-000-TIPxxx.nwc,,
92167,92167,"J04-119,5x107,5","J04-119,5x107,5",ARQ_Janela_Aluminio_2F_Correr,Janelas,"J04-119,5x107,5",MG.BHZ.044-BAR-ARQ-MOD-000-TIPxxx.nwc,,
92172,92172,"J09-94,5x107,5","J09-94,5x107,5",ARQ_Janela_Aluminio_2F_Correr,Janelas,"J09-94,5x107,5",MG.BHZ.044-BAR-ARQ-MOD-000-TIPxxx.nwc,,
92179,92179,"J05-134,5x107,5","J05-134,5x107,5",ARQ_Janela_Aluminio_2F_Correr,Janelas,"J05-134,5x107,5",MG.BHZ.044-BAR-ARQ-MOD-000-TIPxxx.nwc,,
92190,92190,"J01A-59,5x76,5","J01A-59,5x76,5",ARQ_Janela_Aluminio_1F_Maximar_Bandeira,Janelas,"J01A-59,5x76,5",MG.BHZ.044-BAR-ARQ-MOD-000-TIPxxx.nwc,,
92205,92205,Granito Cinza-CM,Granito Cinza-CM,ARQ_Pingadeira,Modelos genéricos,Granito Cinza-CM,MG.BHZ.044-BAR-ARQ-MOD-000-TIPxxx.nwc,,
92264,92264,Granito Cinza-A,Granito Cinza-A,ARQ_Pingadeira,Modelos genéricos,Granito Cinza-A,MG.BHZ.044-BAR-ARQ-MOD-000-TIPxxx.nwc,,
92281,92281,ARQ_GradilVaranda_AlumínioBranco,ARQ_GradilVaranda_AlumínioBranco,Guarda-corpo,Guarda-corpos,Guarda-corpo,MG.BHZ.044-BAR-ARQ-MOD-000-TIPxxx.nwc,,
92289,92289,ARQ_Corrimão_Parede_Duplo_Separado-Final,ARQ_Corrimão_Parede_Duplo_Separado-Final,Guarda-corpo,Guarda-corpos,Guarda-corpo,MG.BHZ.044-BAR-ARQ-MOD-000-TIPxxx.nwc,,
92290,92290,ARQ_Corrimão_Parede_Duplo_Unido-Nenhum,ARQ_Corrimão_Parede_Duplo_Unido-Nenhum,Guarda-corpo,Guarda-corpos,Guarda-corpo,MG.BHZ.044-BAR-ARQ-MOD-000-TIPxxx.nwc,,
92291,92291,TE02-005-PinturaCinzaClaro_Texturizada_Acrilica_Laje,TE02-005-PinturaCinzaClaro_Texturizada_Acrilica_Laje,Forro composto,Forros,Fase - Existente,MG.BHZ.044-BAR-ARQ-MOD-000-TIPxxx.nwc,,
92295,92295,TE03-005-PinturaBrancaLisa_Acrilica_Massa,TE03-005-PinturaBrancaLisa_Acrilica_Massa,Forro composto,Forros,Fase - Existente,MG.BHZ.044-BAR-ARQ-MOD-000-TIPxxx.nwc,,
92311,92311,FO02-030-PinturaBranca/PlacaST_Acrilica,FO02-030-PinturaBranca/PlacaST_Acrilica,Forro composto,Forros,Fase - Existente,MG.BHZ.044-BAR-ARQ-MOD-000-TIPxxx.nwc,,
92312,92312,TE01-005-PinturaBrancaLisa_Acrilica_Antimofo_Massa,TE01-005-PinturaBrancaLisa_Acrilica_Antimofo_Massa,Forro composto,Forros,Fase - Existente,MG.BHZ.044-BAR-ARQ-MOD-000-TIPxxx.nwc,,
92342,92342,FO03-030-PinturaBranca/PlacaRU_Acrilica_Antimofo,FO03-030-PinturaBranca/PlacaRU_Acrilica_Antimofo,Forro composto,Forros,Fase - Demo,MG.BHZ.044-BAR-ARQ-MOD-000-TIPxxx.nwc,,
92359,92359,Escada,Stair-PI06-PisoEscada,Escada montada,Escadas,Stair-PI06-PisoEscada,MG.BHZ.044-BAR-ARQ-MOD-000-TIPxxx.nwc,,
92360,92360,7 pontos,7 pontos,ARQ_Sifao-adaptativa-DIR,Equipamento especial,7 pontos,MG.BHZ.044-BAR-ARQ-MOD-000-TIPxxx.nwc,,
92368,92368,GranitoBranco-120x55cm-D,GranitoBranco-120x55cm-D,ARQ_Bancada_Cozinha_Pia_Embutida_PCD,Componentes de gabinete,GranitoBranco-120x55cm-D,MG.BHZ.044-BAR-ARQ-MOD-000-TIPxxx.nwc,,
92369,92369,M12-0860,M12-0860,ARQ_Torneira_Cozinha_PCD,Peças hidrossanitárias,M12-0860,MG.BHZ.044-BAR-ARQ-MOD-000-TIPxxx.nwc,,
92370,92370,M14-0860-Regulador,M14-0860-Regulador,ARQ_Torneira_Cozinha_PCD,Peças hidrossanitárias,M14-0860-Regulador,MG.BHZ.044-BAR-ARQ-MOD-000-TIPxxx.nwc,,
92375,92375,GranitoBranco-120x55cm-E,GranitoBranco-120x55cm-E,ARQ_Bancada_Cozinha_Pia_Embutida_PCD,Componentes de gabinete,GranitoBranco-120x55cm-E,MG.BHZ.044-BAR-ARQ-MOD-000-TIPxxx.nwc,,
92392,92392,40x7cm,40x7cm,ARQ_Sanca_L,Componentes de gabinete,40x7cm,MG.BHZ.044-BAR-ARQ-MOD-000-TIPxxx.nwc,,
92394,92394,10x7cm,10x7cm,ARQ_Sanca_L,Componentes de gabinete,10x7cm,MG.BHZ.044-BAR-ARQ-MOD-000-TIPxxx.nwc,,
92417,92417,10x20cm,10x20cm,ARQ_Sanca_L,Componentes de gabinete,10x20cm,MG.BHZ.044-BAR-ARQ-MOD-000-TIPxxx.nwc,,
92425,92425,22x15cm,22x15cm,ARQ_Sanca_L,Componentes de gabinete,22x15cm,MG.BHZ.044-BAR-ARQ-MOD-000-TIPxxx.nwc,,
92433,92433,50x20cm,50x20cm,ARQ_Sanca_L,Componentes de gabinete,50x20cm,MG.BHZ.044-BAR-ARQ-MOD-000-TIPxxx.nwc,,
92441,92441,20x20cm,20x20cm,ARQ_Sanca_L,Componentes de gabinete,20x20cm,MG.BHZ.044-BAR-ARQ-MOD-000-TIPxxx.nwc,,
92457,92457,23x20cm,23x20cm,ARQ_Sanca_L,Componentes de gabinete,23x20cm,MG.BHZ.044-BAR-ARQ-MOD-000-TIPxxx.nwc,,
92465,92465,58x38cm,58x38cm,ARQ_Sanca_L,Componentes de gabinete,58x38cm,MG.BHZ.044-BAR-ARQ-MOD-000-TIPxxx.nwc,,
92467,92467,61x38cm,61x38cm,ARQ_Sanca_L,Componentes de gabinete,61x38cm,MG.BHZ.044-BAR-ARQ-MOD-000-TIPxxx.nwc,,
92469,92469,40x38cm,40x38cm,ARQ_Sanca_L,Componentes de gabinete,40x38cm,MG.BHZ.044-BAR-ARQ-MOD-000-TIPxxx.nwc,,
92474,92474,M21-46x30x17cm,M21-46x30x17cm,ARQ_Metais_CubaInoxEmbutir,Peças hidrossanitárias,M21-46x30x17cm,MG.BHZ.044-BAR-ARQ-MOD-000-TIPxxx.nwc,,
92484,92484,M02-Bica Alta C-36-Regulador,M02-Bica Alta C-36-Regulador,ARQ_Torneira_Cozinha,Peças hidrossanitárias,M02-Bica Alta C-36-Regulador,MG.BHZ.044-BAR-ARQ-MOD-000-TIPxxx.nwc,,
92491,92491,M18-60cm,M18-60cm,ARQ_Barra_PCD,Peças hidrossanitárias,M18-60cm,MG.BHZ.044-BAR-ARQ-MOD-000-TIPxxx.nwc,,
125498,125498,Stair-PI06-PisoEscada,Stair-PI06-PisoEscada,Lance não monolítico,Lances,Lance(Interno),MG.BHZ.044-BAR-ARQ-MOD-000-TIPxxx.nwc,,
125641,125641,CO6-TelhaTranslucida,CO6-TelhaTranslucida,Telhado básico,Telhados,@ToldoPolicarbonato,MG.BHZ.044-BAR-ARQ-MOD-000-TORxxx.nwc,,
125653,125653,C01-TelhaFibrocimento,C01-TelhaFibrocimento,Telhado básico,Telhados,@TelhaMetalica,MG.BHZ.044-BAR-ARQ-MOD-000-TORxxx.nwc,,
125655,125655,Ø50mm,Ø50mm,ARQ_BuzinotePluvial,Peças hidrossanitárias,Ø50mm,MG.BHZ.044-BAR-ARQ-MOD-000-TORxxx.nwc,,
125657,125657,Ø150mm,Ø150mm,ARQ_ColetorPluvial,Peças hidrossanitárias,Ø150mm,MG.BHZ.044-BAR-ARQ-MOD-000-TORxxx.nwc,,
125659,125659,PCF02-80x210,PCF02-80x210,ARQ_Porta_PCF_1F_Abrir_PC,Portas,PCF02-80x210,MG.BHZ.044-BAR-ARQ-MOD-000-TORxxx.nwc,,
125661,125661,PCF01A-80x210,PCF01A-80x210,ARQ_Porta_PCF_1F_Abrir_PC,Portas,PCF01A-80x210,MG.BHZ.044-BAR-ARQ-MOD-000-TORxxx.nwc,,
125684,125684,"J27-113,5x152,5","J27-113,5x152,5",ARQ_Janela_Aluminio_1F_Veneziana,Janelas,"J27-113,5x152,5",MG.BHZ.044-BAR-ARQ-MOD-000-TORxxx.nwc,,
125685,125685,"J22-59,5x100,5","J22-59,5x100,5",ARQ_Janela_Aluminio_1F_Veneziana,Janelas,"J22-59,5x100,5",MG.BHZ.044-BAR-ARQ-MOD-000-TORxxx.nwc,,
125686,125686,"J23-40,5x40,5","J23-40,5x40,5",ARQ_Janela_Aluminio_1F_Veneziana,Janelas,"J23-40,5x40,5",MG.BHZ.044-BAR-ARQ-MOD-000-TORxxx.nwc,,
125690,125690,"J21-149,5x100,5","J21-149,5x100,5",ARQ_Janela_Aluminio_1F_Veneziana,Janelas,"J21-149,5x100,5",MG.BHZ.044-BAR-ARQ-MOD-000-TORxxx.nwc,,
125691,125691,"J20-99,7x59,7","J20-99,7x59,7",ARQ_Janela_Aluminio_1F_Veneziana_Trox,Janelas,"J20-99,7x59,7",MG.BHZ.044-BAR-ARQ-MOD-000-TORxxx.nwc,,
125693,125693,"J16-79,7x51,5","J16-79,7x51,5",ARQ_Janela_Aluminio_1F_Veneziana_Trox,Janelas,"J16-79,7x51,5",MG.BHZ.044-BAR-ARQ-MOD-000-TORxxx.nwc,,
125702,125702,P22-80x80,P22-80x80,ARQ_Porta_Aluminio_1F_Alcapao,Portas,P22-80x80,MG.BHZ.044-BAR-ARQ-MOD-000-TORxxx.nwc,,
125703,125703,PI-120-LajeConcreto-REF,PI-120-LajeConcreto-REF,Piso,Pisos,@Concreto,MG.BHZ.044-BAR-ARQ-MOD-000-TORxxx.nwc,,
125706,125706,PI-200-LajeConcreto-REF,PI-200-LajeConcreto-REF,Piso,Pisos,@Concreto,MG.BHZ.044-BAR-ARQ-MOD-000-TORxxx.nwc,,
125711,125711,PI-150-Impermeabilização_Enchimento_Externo,PI-150-Impermeabilização_Enchimento_Externo,Piso,Pisos,@EnchimentoImpermeabilizaçãoExterna,MG.BHZ.044-BAR-ARQ-MOD-000-TORxxx.nwc,,
125733,125733,15x15cm,15x15cm,ARQ_RaloSifonado,Peças hidrossanitárias,15x15cm,MG.BHZ.044-BAR-ARQ-MOD-000-TORxxx.nwc,,
125750,125750,20000 Litros,20000 Litros,ARQ_Tanque Fortlev - 2000 a 20.000 Litros,Peças hidrossanitárias,20000 Litros,MG.BHZ.044-BAR-ARQ-MOD-000-TORxxx.nwc,,
125791,125791,FA03-002-PinturaCinzaMisterioso_Acrilica_Massa,FA03-002-PinturaCinzaMisterioso_Acrilica_Massa,Parede básica,Paredes,@PinturaCinzaMisteriosoTexturizada_Acrilica,MG.BHZ.044-BAR-ARQ-MOD-000-TORxxx.nwc,,
126015,126015,DCF-02-70x50,DCF-02-70x50,ARQ_Janela_Dumper,Janelas,DCF-02-70x50,MG.BHZ.044-BAR-ARQ-MOD-000-TORxxx.nwc,,
126019,126019,"J24-100,5x57,5","J24-100,5x57,5",ARQ_Janela_Aluminio_1F_Veneziana,Janelas,"J24-100,5x57,5",MG.BHZ.044-BAR-ARQ-MOD-000-TORxxx.nwc,,
126021,126021,Escada Marinheiro,Escada Marinheiro,ARQ_Escada_Marinheiro_Com_Proteção,Equipamento especial,Escada Marinheiro,MG.BHZ.044-BAR-ARQ-MOD-000-TORxxx.nwc,,
126023,126023,RETA - DUTO RETANGULAR,RETA - DUTO RETANGULAR,Duto retangular,Dutos,Solid,MG.BHZ.044-BAR-ARQ-MOD-000-TORxxx.nwc,,
126027,126027,Raio 10,Raio 10,CURVA RETANGULAR,Conexões de duto,Raio 10,MG.BHZ.044-BAR-ARQ-MOD-000-TORxxx.nwc,,
126380,126380,RE12-002-PinturaBrancoNeveLisa_Acrilica_Antimofo_Massa,RE12-002-PinturaBrancoNeveLisa_Acrilica_Antimofo_Massa,Parede básica,Paredes,@PinturaBrancoNeve_Acrilica_Antimofo,MG.BHZ.044-BAR-ARQ-MOD-000-TORxxx.nwc,,
126740,126740,RE07-002-PinturaCinzaTexturizada_Acrilica_Massa,RE07-002-PinturaCinzaTexturizada_Acrilica_Massa,Parede básica,Paredes,@PinturaCinzaClaroTexturizada_Acrilica,MG.BHZ.044-BAR-ARQ-MOD-000-TORxxx.nwc,,
126778,126778,FA04-002-PinturaMagiaProfunda_Acrilica_Massa,FA04-002-PinturaMagiaProfunda_Acrilica_Massa,Parede básica,Paredes,@MassaRegularizada,MG.BHZ.044-BAR-ARQ-MOD-000-TORxxx.nwc,,
126946,126946,FA02-002-PinturaCinzaGranito_Acrilica_Massa,FA02-002-PinturaCinzaGranito_Acrilica_Massa,Parede básica,Paredes,@MassaRegularizada,MG.BHZ.044-BAR-ARQ-MOD-000-TORxxx.nwc,,
126954,126954,PC-100-Osso/ParedeConcreto/Osso-VED,PC-100-Osso/ParedeConcreto/Osso-VED,Parede básica,Paredes,@Concreto,MG.BHZ.044-BAR-ARQ-MOD-000-TORxxx.nwc,,
129943,129943,P23-104x210,P23-104x210,ARQ_Porta_Aluminio_1F_Abrir_Vidro_Ventilação,Portas,P23-104x210,MG.BHZ.044-BAR-ARQ-MOD-000-TORxxx.nwc,,
129944,129944,P09-150x212,P09-150x212,ARQ_Porta_Ferro_2F_Abrir,Portas,P09-150x212,MG.BHZ.044-BAR-ARQ-MOD-000-TORxxx.nwc,,
129949,129949,P16-110x210,P16-110x210,ARQ_Porta_Aluminio_2F_Abrir_Vidro,Portas,P16-110x210,MG.BHZ.044-BAR-ARQ-MOD-000-TORxxx.nwc,,
130007,130007,PI-120-Impermeabilização_Enchimento_Interno,PI-120-Impermeabilização_Enchimento_Interno,Piso,Pisos,@EnchimentoImpermeabilizaçãoExterna,MG.BHZ.044-BAR-ARQ-MOD-000-TORxxx.nwc,,
130008,130008,PI-090-Impermeabilização_Enchimento_Externo,PI-090-Impermeabilização_Enchimento_Externo,Piso,Pisos,@EnchimentoImpermeabilizaçãoExterna,MG.BHZ.044-BAR-ARQ-MOD-000-TORxxx.nwc,,
130010,130010,PI-020-Impermeabilização_Enchimento_Externo,PI-020-Impermeabilização_Enchimento_Externo,Piso,Pisos,@EnchimentoImpermeabilizaçãoExterna,MG.BHZ.044-BAR-ARQ-MOD-000-TORxxx.nwc,,
130011,130011,PI-020-Impermeabilização_Enchimento_Interno,PI-020-Impermeabilização_Enchimento_Interno,Piso,Pisos,@EnchimentoImpermeabilizaçãoExterna,MG.BHZ.044-BAR-ARQ-MOD-000-TORxxx.nwc,,
130038,130038,PI-900-LajeConcreto-REF,PI-900-LajeConcreto-REF,Piso,Pisos,@Concreto,MG.BHZ.044-BAR-ARQ-MOD-000-TORxxx.nwc,,
130039,130039,PI-980-LajeConcreto-REF,PI-980-LajeConcreto-REF,Piso,Pisos,@Concreto,MG.BHZ.044-BAR-ARQ-MOD-000-TORxxx.nwc,,
130059,130059,PI-150-LajeConcreto-REF,PI-150-LajeConcreto-REF,Piso,Pisos,@Concreto,MG.BHZ.044-BAR-ARQ-MOD-000-TORxxx.nwc,,
130060,130060,PI-1400-LajeConcreto-REF,PI-1400-LajeConcreto-REF,Piso,Pisos,@Concreto,MG.BHZ.044-BAR-ARQ-MOD-000-TORxxx.nwc,,
130061,130061,PI-400-LajeConcreto-REF,PI-400-LajeConcreto-REF,Piso,Pisos,@Concreto,MG.BHZ.044-BAR-ARQ-MOD-000-TORxxx.nwc,,
130067,130067,PI-1000-LajeConcreto-REF,PI-1000-LajeConcreto-REF,Piso,Pisos,@Concreto,MG.BHZ.044-BAR-ARQ-MOD-000-TORxxx.nwc,,
130069,130069,PI-180-Impermeabilização_Enchimento_Interno,PI-180-Impermeabilização_Enchimento_Interno,Piso,Pisos,@EnchimentoImpermeabilizaçãoExterna,MG.BHZ.044-BAR-ARQ-MOD-000-TORxxx.nwc,,
130078,130078,PI-100-Impermeabilização_Enchimento_Externo,PI-100-Impermeabilização_Enchimento_Externo,Piso,Pisos,@EnchimentoImpermeabilizaçãoExterna,MG.BHZ.044-BAR-ARQ-MOD-000-TORxxx.nwc,,
130082,130082,PI03-015-Porcelanato60x60cm_Cinza,PI03-015-Porcelanato60x60cm_Cinza,Piso,Pisos,@Porcelanato60x60cm_Cinza,MG.BHZ.044-BAR-ARQ-MOD-000-TORxxx.nwc,,
130091,130091,PI03-020-Porcelanato60x60cm_Cinza,PI03-020-Porcelanato60x60cm_Cinza,Piso,Pisos,@Porcelanato60x60cm_Cinza,MG.BHZ.044-BAR-ARQ-MOD-000-TORxxx.nwc,,
130384,130384,RE14-020-Generico_Detalhamento,RE14-020-Generico_Detalhamento,Parede básica,Paredes,@Generico,MG.BHZ.044-BAR-ARQ-MOD-000-TORxxx.nwc,,
130783,130783,SH03-060-PlacaCimentícia_Sanca,SH03-060-PlacaCimentícia_Sanca,Parede básica,Paredes,@EstruturaDryWall,MG.BHZ.044-BAR-ARQ-MOD-000-TORxxx.nwc,,
130785,130785,SH04-030-PlacaCimentícia_Shaft,SH04-030-PlacaCimentícia_Shaft,Parede básica,Paredes,@EstruturaDryWall,MG.BHZ.044-BAR-ARQ-MOD-000-TORxxx.nwc,,
131016,131016,PC-160-Osso/ParedeConcreto/Osso-VED,PC-160-Osso/ParedeConcreto/Osso-VED,Parede básica,Paredes,@Concreto,MG.BHZ.044-BAR-ARQ-MOD-000-TORxxx.nwc,,
131018,131018,RE09-020-PinturaCinzaClaroTexturizada_Acrilica_Reboco,RE09-020-PinturaCinzaClaroTexturizada_Acrilica_Reboco,Parede básica,Paredes,@Reboco,MG.BHZ.044-BAR-ARQ-MOD-000-TORxxx.nwc,,
131020,131020,FA06-020-PinturaCinzaGranito_Acrilica_Reboco,FA06-020-PinturaCinzaGranito_Acrilica_Reboco,Parede básica,Paredes,@PinturaCinzaGranitoTexturizada_Acrilica,MG.BHZ.044-BAR-ARQ-MOD-000-TORxxx.nwc,,
131051,131051,PA-140-Osso/Alvenaria14cm/Osso,PA-140-Osso/Alvenaria14cm/Osso,Parede básica,Paredes,@BlocoConcreto14,MG.BHZ.044-BAR-ARQ-MOD-000-TORxxx.nwc,,
131477,131477,R03-Porcelanato_Cinza-15cm,R03-Porcelanato_Cinza-15cm,Moldura de parede,Molduras de parede,@R03_Porcelanato60x60cm_Cinza,MG.BHZ.044-BAR-ARQ-MOD-000-TORxxx.nwc,,
131870,131870,18W_City,18W_City,ARQ_Luminaria_ArandelaSimples,Luminárias,18W_City,MG.BHZ.044-BAR-ARQ-MOD-000-TORxxx.nwc,,
131905,131905,9W_15x15_Prime,9W_15x15_Prime,ARQ_Luminaria_Plafon_Embutir,Luminárias,9W_15x15_Prime,MG.BHZ.044-BAR-ARQ-MOD-000-TORxxx.nwc,,
131918,131918,"J25A-29,7x51,5","J25A-29,7x51,5",ARQ_Janela_Aluminio_1F_Veneziana_Complemento,Janelas,"J25A-29,7x51,5",MG.BHZ.044-BAR-ARQ-MOD-000-TORxxx.nwc,,
131919,131919,DCF-01A-20x20,DCF-01A-20x20,ARQ_Janela_Dumper,Janelas,DCF-01A-20x20,MG.BHZ.044-BAR-ARQ-MOD-000-TORxxx.nwc,,
131961,131961,"J25B-29,7x59,7","J25B-29,7x59,7",ARQ_Janela_Aluminio_1F_Veneziana_Trox,Janelas,"J25B-29,7x59,7",MG.BHZ.044-BAR-ARQ-MOD-000-TORxxx.nwc,,
131974,131974,FO01-030-PinturaBranca/PlacaRU_Acrilica,FO01-030-PinturaBranca/PlacaRU_Acrilica,Forro composto,Forros,@GessoAcartonadoRU,MG.BHZ.044-BAR-ARQ-MOD-000-TORxxx.nwc,,
132155,132155,CA-200-Calha,CA-200-Calha,Calha,Calhas,@AçoGalvanizadoCalhaCA01,MG.BHZ.044-BAR-ARQ-MOD-000-TORxxx.nwc,,
132160,132160,RU-150-Rufo,RU-150-Rufo,Borda,Bordas,@AçoGalvanizadoRufoRU01,MG.BHZ.044-BAR-ARQ-MOD-000-TORxxx.nwc,,
132170,132170,CO-200-Cumeeira,CO-200-Cumeeira,Borda,Bordas,@AçoGalvanizadoCumeeiraCU01,MG.BHZ.044-BAR-ARQ-MOD-000-TORxxx.nwc,,
132205,132205,PI-100-AsfaltoViaPública,PI-100-AsfaltoViaPública,Piso,Pisos,@Base,MG.BHZ.044-BAR-ARQ-MOD-000-BASExx.nwc,,
132258,132258,FA05-020-PinturaMagiaProfunda_Acrilica_Reboco,FA05-020-PinturaMagiaProfunda_Acrilica_Reboco,Parede básica,Paredes,@PinturaMagiaProfundaTexturizada_Acrilica,MG.BHZ.044-BAR-ARQ-MOD-000-BASExx.nwc,,
132261,132261,FA11-020-PinturaPreta_Acrilica_Reboco,FA11-020-PinturaPreta_Acrilica_Reboco,Parede básica,Paredes,@Reboco,MG.BHZ.044-BAR-ARQ-MOD-000-BASExx.nwc,,
132311,132311,RE10-005-PinturaBrancoNeveLisa_Acrilica_Gesso,RE10-005-PinturaBrancoNeveLisa_Acrilica_Gesso,Parede básica,Paredes,@PinturaBrancoNeve_Acrilica,MG.BHZ.044-BAR-ARQ-MOD-000-BASExx.nwc,,
132318,132318,FA15-020-RipasConcreto120x10cm_Natural,FA15-020-RipasConcreto120x10cm_Natural,Parede básica,Paredes,@Reboco,MG.BHZ.044-BAR-ARQ-MOD-000-BASExx.nwc,,
132319,132319,RE11-002-PinturaBrancoNeveLisa_Acrilica_Massa,RE11-002-PinturaBrancoNeveLisa_Acrilica_Massa,Parede básica,Paredes,@MassaAcrilica,MG.BHZ.044-BAR-ARQ-MOD-000-BASExx.nwc,,
132321,132321,"RE16-010-Ceramico33,5x60cm_Guarita/Salão","RE16-010-Ceramico33,5x60cm_Guarita/Salão",Parede básica,Paredes,"@AzulejoCeramico33,5x60cm",MG.BHZ.044-BAR-ARQ-MOD-000-BASExx.nwc,,
132323,132323,RE11-020-PinturaBrancoNeveLisa_Acrilica_Reboco,RE11-020-PinturaBrancoNeveLisa_Acrilica_Reboco,Parede básica,Paredes,@PinturaBrancoNeve_Acrilica,MG.BHZ.044-BAR-ARQ-MOD-000-BASExx.nwc,,
132327,132327,"RE16-025-Ceramico33,5x60cm_Guarita/Salão","RE16-025-Ceramico33,5x60cm_Guarita/Salão",Parede básica,Paredes,"@AzulejoCeramico33,5x60cm",MG.BHZ.044-BAR-ARQ-MOD-000-BASExx.nwc,,
132420,132420,RE03-025-Ceramico30x40cm_A.R.S.,RE03-025-Ceramico30x40cm_A.R.S.,Parede básica,Paredes,@AzulejoCeramico30x40cm,MG.BHZ.044-BAR-ARQ-MOD-000-BASExx.nwc,,
132504,132504,Fechamento_Tela,Fechamento_Tela,System Panel,Painéis cortina,Fechamento_Tela,MG.BHZ.044-BAR-ARQ-MOD-000-BASExx.nwc,,
132506,132506,Vitrine_Vidro_Temperado_30mm,Vitrine_Vidro_Temperado_30mm,System Panel,Painéis cortina,Vitrine_Vidro_Temperado_30mm,MG.BHZ.044-BAR-ARQ-MOD-000-BASExx.nwc,,
132509,132509,Fechamento_Ferro_20x20mm,Fechamento_Ferro_20x20mm,Rectangular Mullion,Montantes de parede cortina,Fechamento_Ferro_20x20mm,MG.BHZ.044-BAR-ARQ-MOD-000-BASExx.nwc,,
132915,132915,ARQ_Placa_Empreendimento,ARQ_Placa_Empreendimento,ARQ_Placa_Empreendimento,Modelos genéricos,ARQ_Placa_Empreendimento,MG.BHZ.044-BAR-ARQ-MOD-000-BASExx.nwc,,
132917,132917,FA14-Unidade,FA14-Unidade,ARQ_ElementoVazado_Un-30x30x9cm,Modelos genéricos,FA14-Unidade,MG.BHZ.044-BAR-ARQ-MOD-000-BASExx.nwc,,
133717,133717,TE04-005-PinturaBrancaLisa_Acrilica_Gesso,TE04-005-PinturaBrancaLisa_Acrilica_Gesso,Forro composto,Forros,@Gesso,MG.BHZ.044-BAR-ARQ-MOD-000-BASExx.nwc,,
133725,133725,ARQ_Metais_Chapa_PCD,ARQ_Metais_Chapa_PCD,ARQ_Metais_Chapa_PCD,Peças hidrossanitárias,ARQ_Metais_Chapa_PCD,MG.BHZ.044-BAR-ARQ-MOD-000-BASExx.nwc,,
133833,133833,Reto 10cm,Reto 10cm,ARQ_Junta Dilatacao,Quadro estrutural,Reto 10cm,MG.BHZ.044-BAR-ARQ-MOD-000-BASExx.nwc,,
133984,133984,M10-180x70cm,M10-180x70cm,ARQ_BancoMetalon,Peças hidrossanitárias,M10-180x70cm,MG.BHZ.044-BAR-ARQ-MOD-000-BASExx.nwc,,
134074,134074,RE17-060-Cerâmico10x10cm_Piscina,RE17-060-Cerâmico10x10cm_Piscina,Parede básica,Paredes,@PisoCeramico10x10cm_Piscina,MG.BHZ.044-BAR-ARQ-MOD-000-BASExx.nwc,,
134084,134084,RE20-020-PinturaEstacionamento_Amarelo_Acrilica_Reboco,RE20-020-PinturaEstacionamento_Amarelo_Acrilica_Reboco,Parede básica,Paredes,@PinturaAmarelaTexturizada_Acrilica,MG.BHZ.044-BAR-ARQ-MOD-000-BASExx.nwc,,
134106,134106,RE20-020-PinturaEstacionamento_Preta_Acrilica_Reboco,RE20-020-PinturaEstacionamento_Preta_Acrilica_Reboco,Parede básica,Paredes,@PinturaPretaTexturizada_Acrilica,MG.BHZ.044-BAR-ARQ-MOD-000-BASExx.nwc,,
134128,134128,RE20-020-PinturaEstacionamento_CinzaGranito_Acrilica_Reboco,RE20-020-PinturaEstacionamento_CinzaGranito_Acrilica_Reboco,Parede básica,Paredes,@PinturaCinzaGranitoTexturizada_Acrilica,MG.BHZ.044-BAR-ARQ-MOD-000-BASExx.nwc,,
134184,134184,FA01-020-PinturaBrancoNeve_Acrilica_Massa,FA01-020-PinturaBrancoNeve_Acrilica_Massa,Parede básica,Paredes,@Reboco,MG.BHZ.044-BAR-ARQ-MOD-000-BASExx.nwc,,
134228,134228,RE14-005-Generico_Detalhamento,RE14-005-Generico_Detalhamento,Parede básica,Paredes,@Generico,MG.BHZ.044-BAR-ARQ-MOD-000-BASExx.nwc,,
134249,134249,"RE18-010-Ceramico33,5x60cm_Cozinha","RE18-010-Ceramico33,5x60cm_Cozinha",Parede básica,Paredes,"@AzulejoCeramico33,5x60cm",MG.BHZ.044-BAR-ARQ-MOD-000-BASExx.nwc,,
134251,134251,"RE18-025-Ceramico33,5x60cm_Cozinha","RE18-025-Ceramico33,5x60cm_Cozinha",Parede básica,Paredes,"@AzulejoCeramico33,5x60cm",MG.BHZ.044-BAR-ARQ-MOD-000-BASExx.nwc,,
134296,134296,RE06-020-PinturaCal_Massa,RE06-020-PinturaCal_Massa,Parede básica,Paredes,@MassaRegularizada,MG.BHZ.044-BAR-ARQ-MOD-000-BASExx.nwc,,
134302,134302,RE06-020-PinturaCal_Reboco,RE06-020-PinturaCal_Reboco,Parede básica,Paredes,@PinturaCal,MG.BHZ.044-BAR-ARQ-MOD-000-BASExx.nwc,,
134355,134355,RE19-020-PinturaBrancoNeveTexturizada_Acrilica_Reboco,RE19-020-PinturaBrancoNeveTexturizada_Acrilica_Reboco,Parede básica,Paredes,@Reboco,MG.BHZ.044-BAR-ARQ-MOD-000-BASExx.nwc,,
134787,134787,R01-Ceramica_Cinza-5cm,R01-Ceramica_Cinza-5cm,Moldura de parede,Molduras de parede,@R01_Ceramica45x45cm_Cinza,MG.BHZ.044-BAR-ARQ-MOD-000-BASExx.nwc,,
134804,134804,R05-Poliestireno_Branco-10cm,R05-Poliestireno_Branco-10cm,Moldura de parede,Molduras de parede,@R05_PoliestirenoBranco,MG.BHZ.044-BAR-ARQ-MOD-000-BASExx.nwc,,
135475,135475,FO04-030-PinturaBranca/PlacaRF_Acrilica,FO04-030-PinturaBranca/PlacaRF_Acrilica,Forro composto,Forros,@GessoAcartonadoRF,MG.BHZ.044-BAR-ARQ-MOD-000-BASExx.nwc,,
135664,135664,RE22-002-PinturaBrancoNeveTexturizada_Acrilica_Massa,RE22-002-PinturaBrancoNeveTexturizada_Acrilica_Massa,Parede básica,Paredes,@MassaRegularizada,MG.BHZ.044-BAR-ARQ-MOD-000-BASExx.nwc,,
135719,135719,RE19-100-PinturaBrancoNeveTexturizada_Acrilica_Reboco,RE19-100-PinturaBrancoNeveTexturizada_Acrilica_Reboco,Parede básica,Paredes,@PinturaBrancoNeveTexturizada_Acrilica,MG.BHZ.044-BAR-ARQ-MOD-000-BASExx.nwc,,
135769,135769,RE13-020-PinturaEstacionamento_Amarela_Acrilica_Reboco,RE13-020-PinturaEstacionamento_Amarela_Acrilica_Reboco,Parede básica,Paredes,@PinturaAmarelaTexturizada_Acrilica,MG.BHZ.044-BAR-ARQ-MOD-000-BASExx.nwc,,
135818,135818,RE13-020-PinturaEstacionamento_Preta_Acrilica_Reboco,RE13-020-PinturaEstacionamento_Preta_Acrilica_Reboco,Parede básica,Paredes,@PinturaPretaTexturizada_Acrilica,MG.BHZ.044-BAR-ARQ-MOD-000-BASExx.nwc,,
135867,135867,RE13-020-PinturaEstacionamento_Branco_Acrilica_Reboco,RE13-020-PinturaEstacionamento_Branco_Acrilica_Reboco,Parede básica,Paredes,@PinturaBrancaTexturizada_Acrilica,MG.BHZ.044-BAR-ARQ-MOD-000-BASExx.nwc,,
136082,136082,FA07-020-PinturaCinzaMisterioso_Acrilica_Reboco,FA07-020-PinturaCinzaMisterioso_Acrilica_Reboco,System Panel,Painéis cortina,FA07-020-PinturaCinzaMisterioso_Acrilica_Reboco,MG.BHZ.044-BAR-ARQ-MOD-000-BASExx.nwc,,
136738,136738,Vitrine_Vidro_Segurança_8mm,Vitrine_Vidro_Segurança_8mm,System Panel,Painéis cortina,Vitrine_Vidro_Segurança_8mm,MG.BHZ.044-BAR-ARQ-MOD-000-BASExx.nwc,,
137112,137112,FA08-020-PinturaDoceSafira_Acrilica_Reboco,FA08-020-PinturaDoceSafira_Acrilica_Reboco,Parede básica,Paredes,@Reboco,MG.BHZ.044-BAR-ARQ-MOD-000-BASExx.nwc,,
138674,138674,ARQ_GuardaCorpo_Vidro_TopRail_200cm,ARQ_GuardaCorpo_Vidro_TopRail_200cm,Tipo de corrimão superior,Corrimãos superiores,Corrimão superior(Interno),MG.BHZ.044-BAR-ARQ-MOD-000-BASExx.nwc,,
138686,138686,ARQ_GuardaCorpo_Vidro_TopRail_120cm,ARQ_GuardaCorpo_Vidro_TopRail_120cm,Tipo de corrimão superior,Corrimãos superiores,Corrimão superior(Interno),MG.BHZ.044-BAR-ARQ-MOD-000-BASExx.nwc,,
138688,138688,ARQ_GuardaCorpo_Vidro_TopRail_130cm,ARQ_GuardaCorpo_Vidro_TopRail_130cm,Tipo de corrimão superior,Corrimãos superiores,Corrimão superior(Interno),MG.BHZ.044-BAR-ARQ-MOD-000-BASExx.nwc,,
138689,138689,ARQ_GuardaCorpo_Vidro_TopRail_110cm,ARQ_GuardaCorpo_Vidro_TopRail_110cm,Tipo de corrimão superior,Corrimãos superiores,Corrimão superior(Interno),MG.BHZ.044-BAR-ARQ-MOD-000-BASExx.nwc,,
138694,138694,CA-200-Calha Lateral,CA-200-Calha Lateral,Calha,Calhas,@AçoGalvanizadoCalha,MG.BHZ.044-BAR-ARQ-MOD-000-BASExx.nwc,,
